--
-- PostgreSQL database dump
--

\restrict BJeioxnBHWvV88KrtcZLEOfbJtJWn9qgfpAPfeVszaQu7MRWl1HgS5TUmWDyARG

-- Dumped from database version 15.14
-- Dumped by pg_dump version 15.14

SET statement_timeout = 0;
SET lock_timeout = 0;
SET idle_in_transaction_session_timeout = 0;
SET client_encoding = 'UTF8';
SET standard_conforming_strings = on;
SELECT pg_catalog.set_config('search_path', '', false);
SET check_function_bodies = false;
SET xmloption = content;
SET client_min_messages = warning;
SET row_security = off;

SET default_tablespace = '';

SET default_table_access_method = heap;

--
-- Name: auth_group; Type: TABLE; Schema: public; Owner: -
--

CREATE TABLE public.auth_group (
    id integer NOT NULL,
    name character varying(150) NOT NULL
);


--
-- Name: auth_group_id_seq; Type: SEQUENCE; Schema: public; Owner: -
--

ALTER TABLE public.auth_group ALTER COLUMN id ADD GENERATED BY DEFAULT AS IDENTITY (
    SEQUENCE NAME public.auth_group_id_seq
    START WITH 1
    INCREMENT BY 1
    NO MINVALUE
    NO MAXVALUE
    CACHE 1
);


--
-- Name: auth_group_permissions; Type: TABLE; Schema: public; Owner: -
--

CREATE TABLE public.auth_group_permissions (
    id bigint NOT NULL,
    group_id integer NOT NULL,
    permission_id integer NOT NULL
);


--
-- Name: auth_group_permissions_id_seq; Type: SEQUENCE; Schema: public; Owner: -
--

ALTER TABLE public.auth_group_permissions ALTER COLUMN id ADD GENERATED BY DEFAULT AS IDENTITY (
    SEQUENCE NAME public.auth_group_permissions_id_seq
    START WITH 1
    INCREMENT BY 1
    NO MINVALUE
    NO MAXVALUE
    CACHE 1
);


--
-- Name: auth_permission; Type: TABLE; Schema: public; Owner: -
--

CREATE TABLE public.auth_permission (
    id integer NOT NULL,
    name character varying(255) NOT NULL,
    content_type_id integer NOT NULL,
    codename character varying(100) NOT NULL
);


--
-- Name: auth_permission_id_seq; Type: SEQUENCE; Schema: public; Owner: -
--

ALTER TABLE public.auth_permission ALTER COLUMN id ADD GENERATED BY DEFAULT AS IDENTITY (
    SEQUENCE NAME public.auth_permission_id_seq
    START WITH 1
    INCREMENT BY 1
    NO MINVALUE
    NO MAXVALUE
    CACHE 1
);


--
-- Name: calendario_assignmentchangelog; Type: TABLE; Schema: public; Owner: -
--

CREATE TABLE public.calendario_assignmentchangelog (
    id bigint NOT NULL,
    change_type character varying(16) NOT NULL,
    details jsonb NOT NULL,
    created_at timestamp with time zone NOT NULL,
    changed_by_id bigint,
    new_operator_id bigint,
    previous_operator_id bigint,
    assignment_id bigint
);


--
-- Name: calendario_assignmentchangelog_id_seq; Type: SEQUENCE; Schema: public; Owner: -
--

ALTER TABLE public.calendario_assignmentchangelog ALTER COLUMN id ADD GENERATED BY DEFAULT AS IDENTITY (
    SEQUENCE NAME public.calendario_assignmentchangelog_id_seq
    START WITH 1
    INCREMENT BY 1
    NO MINVALUE
    NO MAXVALUE
    CACHE 1
);


--
-- Name: calendario_operatorcapability; Type: TABLE; Schema: public; Owner: -
--

CREATE TABLE public.calendario_operatorcapability (
    id bigint NOT NULL,
    operator_id bigint NOT NULL,
    skill_score smallint NOT NULL,
    category_id bigint NOT NULL,
    CONSTRAINT calendario_operatorcapability_skill_score_check CHECK ((skill_score >= 0))
);


--
-- Name: calendario_operatorcapability_id_seq; Type: SEQUENCE; Schema: public; Owner: -
--

ALTER TABLE public.calendario_operatorcapability ALTER COLUMN id ADD GENERATED BY DEFAULT AS IDENTITY (
    SEQUENCE NAME public.calendario_operatorcapability_id_seq
    START WITH 1
    INCREMENT BY 1
    NO MINVALUE
    NO MAXVALUE
    CACHE 1
);


--
-- Name: calendario_operatorrestperiod; Type: TABLE; Schema: public; Owner: -
--

CREATE TABLE public.calendario_operatorrestperiod (
    id bigint NOT NULL,
    start_date date NOT NULL,
    end_date date NOT NULL,
    status character varying(16) NOT NULL,
    source character varying(16) NOT NULL,
    notes text NOT NULL,
    created_at timestamp with time zone NOT NULL,
    updated_at timestamp with time zone NOT NULL,
    calendar_id bigint,
    created_by_id bigint,
    operator_id bigint NOT NULL
);


--
-- Name: calendario_operatorrestperiod_id_seq; Type: SEQUENCE; Schema: public; Owner: -
--

ALTER TABLE public.calendario_operatorrestperiod ALTER COLUMN id ADD GENERATED BY DEFAULT AS IDENTITY (
    SEQUENCE NAME public.calendario_operatorrestperiod_id_seq
    START WITH 1
    INCREMENT BY 1
    NO MINVALUE
    NO MAXVALUE
    CACHE 1
);


--
-- Name: calendario_positioncategory; Type: TABLE; Schema: public; Owner: -
--

CREATE TABLE public.calendario_positioncategory (
    id bigint NOT NULL,
    code character varying(64) NOT NULL,
    name character varying(150) NOT NULL,
    shift_type character varying(16) NOT NULL,
    extra_day_limit smallint NOT NULL,
    overtime_points smallint NOT NULL,
    is_active boolean NOT NULL,
    overload_alert_level character varying(16) NOT NULL,
    rest_min_frequency smallint NOT NULL,
    rest_min_consecutive_days smallint NOT NULL,
    rest_max_consecutive_days smallint NOT NULL,
    rest_post_shift_days smallint NOT NULL,
    rest_monthly_days smallint NOT NULL,
    CONSTRAINT calendario_positioncategory_default_extra_day_limit_check CHECK ((extra_day_limit >= 0)),
    CONSTRAINT calendario_positioncategory_default_overtime_points_check CHECK ((overtime_points >= 0)),
    CONSTRAINT calendario_positioncategory_rest_max_consecutive_days_check CHECK ((rest_max_consecutive_days >= 0)),
    CONSTRAINT calendario_positioncategory_rest_min_consecutive_days_check CHECK ((rest_min_consecutive_days >= 0)),
    CONSTRAINT calendario_positioncategory_rest_min_frequency_check CHECK ((rest_min_frequency >= 0)),
    CONSTRAINT calendario_positioncategory_rest_monthly_days_check CHECK ((rest_monthly_days >= 0)),
    CONSTRAINT calendario_positioncategory_rest_post_shift_days_check CHECK ((rest_post_shift_days >= 0))
);


--
-- Name: calendario_positioncategory_id_seq; Type: SEQUENCE; Schema: public; Owner: -
--

ALTER TABLE public.calendario_positioncategory ALTER COLUMN id ADD GENERATED BY DEFAULT AS IDENTITY (
    SEQUENCE NAME public.calendario_positioncategory_id_seq
    START WITH 1
    INCREMENT BY 1
    NO MINVALUE
    NO MAXVALUE
    CACHE 1
);


--
-- Name: calendario_positiondefinition; Type: TABLE; Schema: public; Owner: -
--

CREATE TABLE public.calendario_positiondefinition (
    id bigint NOT NULL,
    name character varying(150) NOT NULL,
    code character varying(64) NOT NULL,
    complexity character varying(16) NOT NULL,
    allow_lower_complexity boolean NOT NULL,
    valid_from date NOT NULL,
    valid_until date,
    is_active boolean NOT NULL,
    notes text NOT NULL,
    chicken_house_id bigint,
    farm_id bigint NOT NULL,
    display_order integer NOT NULL,
    category_id bigint NOT NULL,
    CONSTRAINT calendario_positiondefinition_display_order_check CHECK ((display_order >= 0))
);


--
-- Name: calendario_positiondefinition_id_seq; Type: SEQUENCE; Schema: public; Owner: -
--

ALTER TABLE public.calendario_positiondefinition ALTER COLUMN id ADD GENERATED BY DEFAULT AS IDENTITY (
    SEQUENCE NAME public.calendario_positiondefinition_id_seq
    START WITH 1
    INCREMENT BY 1
    NO MINVALUE
    NO MAXVALUE
    CACHE 1
);


--
-- Name: calendario_positiondefinition_rooms; Type: TABLE; Schema: public; Owner: -
--

CREATE TABLE public.calendario_positiondefinition_rooms (
    id bigint NOT NULL,
    positiondefinition_id bigint NOT NULL,
    room_id bigint NOT NULL
);


--
-- Name: calendario_positiondefinition_rooms_id_seq; Type: SEQUENCE; Schema: public; Owner: -
--

ALTER TABLE public.calendario_positiondefinition_rooms ALTER COLUMN id ADD GENERATED BY DEFAULT AS IDENTITY (
    SEQUENCE NAME public.calendario_positiondefinition_rooms_id_seq
    START WITH 1
    INCREMENT BY 1
    NO MINVALUE
    NO MAXVALUE
    CACHE 1
);


--
-- Name: calendario_shiftassignment; Type: TABLE; Schema: public; Owner: -
--

CREATE TABLE public.calendario_shiftassignment (
    id bigint NOT NULL,
    date date NOT NULL,
    is_auto_assigned boolean NOT NULL,
    alert_level character varying(16) NOT NULL,
    is_overtime boolean NOT NULL,
    notes text NOT NULL,
    created_at timestamp with time zone NOT NULL,
    updated_at timestamp with time zone NOT NULL,
    operator_id bigint NOT NULL,
    position_id bigint NOT NULL,
    calendar_id bigint NOT NULL,
    overtime_points smallint NOT NULL,
    CONSTRAINT calendario_shiftassignment_overtime_points_check CHECK ((overtime_points >= 0))
);


--
-- Name: calendario_shiftassignment_id_seq; Type: SEQUENCE; Schema: public; Owner: -
--

ALTER TABLE public.calendario_shiftassignment ALTER COLUMN id ADD GENERATED BY DEFAULT AS IDENTITY (
    SEQUENCE NAME public.calendario_shiftassignment_id_seq
    START WITH 1
    INCREMENT BY 1
    NO MINVALUE
    NO MAXVALUE
    CACHE 1
);


--
-- Name: calendario_shiftcalendar; Type: TABLE; Schema: public; Owner: -
--

CREATE TABLE public.calendario_shiftcalendar (
    id bigint NOT NULL,
    name character varying(150) NOT NULL,
    start_date date NOT NULL,
    end_date date NOT NULL,
    status character varying(16) NOT NULL,
    approved_at timestamp with time zone,
    notes text NOT NULL,
    created_at timestamp with time zone NOT NULL,
    updated_at timestamp with time zone NOT NULL,
    approved_by_id bigint,
    base_calendar_id bigint,
    created_by_id bigint
);


--
-- Name: calendario_shiftcalendar_id_seq; Type: SEQUENCE; Schema: public; Owner: -
--

ALTER TABLE public.calendario_shiftcalendar ALTER COLUMN id ADD GENERATED BY DEFAULT AS IDENTITY (
    SEQUENCE NAME public.calendario_shiftcalendar_id_seq
    START WITH 1
    INCREMENT BY 1
    NO MINVALUE
    NO MAXVALUE
    CACHE 1
);


--
-- Name: calendario_workloadsnapshot; Type: TABLE; Schema: public; Owner: -
--

CREATE TABLE public.calendario_workloadsnapshot (
    id bigint NOT NULL,
    total_shifts integer NOT NULL,
    day_shifts integer NOT NULL,
    night_shifts integer NOT NULL,
    rest_days integer NOT NULL,
    overtime_days integer NOT NULL,
    month_reference date NOT NULL,
    calendar_id bigint NOT NULL,
    operator_id bigint NOT NULL,
    overtime_points_total integer NOT NULL,
    CONSTRAINT calendario_workloadsnapshot_day_shifts_check CHECK ((day_shifts >= 0)),
    CONSTRAINT calendario_workloadsnapshot_night_shifts_check CHECK ((night_shifts >= 0)),
    CONSTRAINT calendario_workloadsnapshot_overtime_days_check CHECK ((overtime_days >= 0)),
    CONSTRAINT calendario_workloadsnapshot_overtime_points_total_check CHECK ((overtime_points_total >= 0)),
    CONSTRAINT calendario_workloadsnapshot_rest_days_check CHECK ((rest_days >= 0)),
    CONSTRAINT calendario_workloadsnapshot_total_shifts_check CHECK ((total_shifts >= 0))
);


--
-- Name: calendario_workloadsnapshot_id_seq; Type: SEQUENCE; Schema: public; Owner: -
--

ALTER TABLE public.calendario_workloadsnapshot ALTER COLUMN id ADD GENERATED BY DEFAULT AS IDENTITY (
    SEQUENCE NAME public.calendario_workloadsnapshot_id_seq
    START WITH 1
    INCREMENT BY 1
    NO MINVALUE
    NO MAXVALUE
    CACHE 1
);


--
-- Name: django_admin_log; Type: TABLE; Schema: public; Owner: -
--

CREATE TABLE public.django_admin_log (
    id integer NOT NULL,
    action_time timestamp with time zone NOT NULL,
    object_id text,
    object_repr character varying(200) NOT NULL,
    action_flag smallint NOT NULL,
    change_message text NOT NULL,
    content_type_id integer,
    user_id bigint NOT NULL,
    CONSTRAINT django_admin_log_action_flag_check CHECK ((action_flag >= 0))
);


--
-- Name: django_admin_log_id_seq; Type: SEQUENCE; Schema: public; Owner: -
--

ALTER TABLE public.django_admin_log ALTER COLUMN id ADD GENERATED BY DEFAULT AS IDENTITY (
    SEQUENCE NAME public.django_admin_log_id_seq
    START WITH 1
    INCREMENT BY 1
    NO MINVALUE
    NO MAXVALUE
    CACHE 1
);


--
-- Name: django_content_type; Type: TABLE; Schema: public; Owner: -
--

CREATE TABLE public.django_content_type (
    id integer NOT NULL,
    app_label character varying(100) NOT NULL,
    model character varying(100) NOT NULL
);


--
-- Name: django_content_type_id_seq; Type: SEQUENCE; Schema: public; Owner: -
--

ALTER TABLE public.django_content_type ALTER COLUMN id ADD GENERATED BY DEFAULT AS IDENTITY (
    SEQUENCE NAME public.django_content_type_id_seq
    START WITH 1
    INCREMENT BY 1
    NO MINVALUE
    NO MAXVALUE
    CACHE 1
);


--
-- Name: django_migrations; Type: TABLE; Schema: public; Owner: -
--

CREATE TABLE public.django_migrations (
    id bigint NOT NULL,
    app character varying(255) NOT NULL,
    name character varying(255) NOT NULL,
    applied timestamp with time zone NOT NULL
);


--
-- Name: django_migrations_id_seq; Type: SEQUENCE; Schema: public; Owner: -
--

ALTER TABLE public.django_migrations ALTER COLUMN id ADD GENERATED BY DEFAULT AS IDENTITY (
    SEQUENCE NAME public.django_migrations_id_seq
    START WITH 1
    INCREMENT BY 1
    NO MINVALUE
    NO MAXVALUE
    CACHE 1
);


--
-- Name: django_session; Type: TABLE; Schema: public; Owner: -
--

CREATE TABLE public.django_session (
    session_key character varying(40) NOT NULL,
    session_data text NOT NULL,
    expire_date timestamp with time zone NOT NULL
);


--
-- Name: granjas_birdbatch; Type: TABLE; Schema: public; Owner: -
--

CREATE TABLE public.granjas_birdbatch (
    id bigint NOT NULL,
    status character varying(8) NOT NULL,
    birth_date date NOT NULL,
    initial_quantity integer NOT NULL,
    breed character varying(150) NOT NULL,
    farm_id bigint NOT NULL,
    CONSTRAINT granjas_birdbatch_initial_quantity_check CHECK ((initial_quantity >= 0))
);


--
-- Name: granjas_birdbatch_id_seq; Type: SEQUENCE; Schema: public; Owner: -
--

ALTER TABLE public.granjas_birdbatch ALTER COLUMN id ADD GENERATED BY DEFAULT AS IDENTITY (
    SEQUENCE NAME public.granjas_birdbatch_id_seq
    START WITH 1
    INCREMENT BY 1
    NO MINVALUE
    NO MAXVALUE
    CACHE 1
);


--
-- Name: granjas_birdbatchroomallocation; Type: TABLE; Schema: public; Owner: -
--

CREATE TABLE public.granjas_birdbatchroomallocation (
    id bigint NOT NULL,
    quantity integer NOT NULL,
    bird_batch_id bigint NOT NULL,
    room_id bigint NOT NULL,
    CONSTRAINT granjas_birdbatchroomallocation_quantity_check CHECK ((quantity >= 0))
);


--
-- Name: granjas_birdbatchroomallocation_id_seq; Type: SEQUENCE; Schema: public; Owner: -
--

ALTER TABLE public.granjas_birdbatchroomallocation ALTER COLUMN id ADD GENERATED BY DEFAULT AS IDENTITY (
    SEQUENCE NAME public.granjas_birdbatchroomallocation_id_seq
    START WITH 1
    INCREMENT BY 1
    NO MINVALUE
    NO MAXVALUE
    CACHE 1
);


--
-- Name: granjas_chickenhouse; Type: TABLE; Schema: public; Owner: -
--

CREATE TABLE public.granjas_chickenhouse (
    id bigint NOT NULL,
    name character varying(150) NOT NULL,
    area_m2 numeric(10,2) NOT NULL,
    farm_id bigint NOT NULL
);


--
-- Name: granjas_chickenhouse_id_seq; Type: SEQUENCE; Schema: public; Owner: -
--

ALTER TABLE public.granjas_chickenhouse ALTER COLUMN id ADD GENERATED BY DEFAULT AS IDENTITY (
    SEQUENCE NAME public.granjas_chickenhouse_id_seq
    START WITH 1
    INCREMENT BY 1
    NO MINVALUE
    NO MAXVALUE
    CACHE 1
);


--
-- Name: granjas_farm; Type: TABLE; Schema: public; Owner: -
--

CREATE TABLE public.granjas_farm (
    id bigint NOT NULL,
    name character varying(150) NOT NULL
);


--
-- Name: granjas_farm_id_seq; Type: SEQUENCE; Schema: public; Owner: -
--

ALTER TABLE public.granjas_farm ALTER COLUMN id ADD GENERATED BY DEFAULT AS IDENTITY (
    SEQUENCE NAME public.granjas_farm_id_seq
    START WITH 1
    INCREMENT BY 1
    NO MINVALUE
    NO MAXVALUE
    CACHE 1
);


--
-- Name: granjas_room; Type: TABLE; Schema: public; Owner: -
--

CREATE TABLE public.granjas_room (
    id bigint NOT NULL,
    name character varying(150) NOT NULL,
    area_m2 numeric(10,2) NOT NULL,
    chicken_house_id bigint NOT NULL
);


--
-- Name: granjas_room_id_seq; Type: SEQUENCE; Schema: public; Owner: -
--

ALTER TABLE public.granjas_room ALTER COLUMN id ADD GENERATED BY DEFAULT AS IDENTITY (
    SEQUENCE NAME public.granjas_room_id_seq
    START WITH 1
    INCREMENT BY 1
    NO MINVALUE
    NO MAXVALUE
    CACHE 1
);


--
-- Name: users_role; Type: TABLE; Schema: public; Owner: -
--

CREATE TABLE public.users_role (
    id bigint NOT NULL,
    name character varying(32) NOT NULL
);


--
-- Name: users_role_id_seq; Type: SEQUENCE; Schema: public; Owner: -
--

ALTER TABLE public.users_role ALTER COLUMN id ADD GENERATED BY DEFAULT AS IDENTITY (
    SEQUENCE NAME public.users_role_id_seq
    START WITH 1
    INCREMENT BY 1
    NO MINVALUE
    NO MAXVALUE
    CACHE 1
);


--
-- Name: users_rolepermission; Type: TABLE; Schema: public; Owner: -
--

CREATE TABLE public.users_rolepermission (
    id bigint NOT NULL,
    permission_code character varying(64) NOT NULL,
    role_id bigint NOT NULL
);


--
-- Name: users_rolepermission_id_seq; Type: SEQUENCE; Schema: public; Owner: -
--

ALTER TABLE public.users_rolepermission ALTER COLUMN id ADD GENERATED BY DEFAULT AS IDENTITY (
    SEQUENCE NAME public.users_rolepermission_id_seq
    START WITH 1
    INCREMENT BY 1
    NO MINVALUE
    NO MAXVALUE
    CACHE 1
);


--
-- Name: users_userprofile; Type: TABLE; Schema: public; Owner: -
--

CREATE TABLE public.users_userprofile (
    id bigint NOT NULL,
    password character varying(128) NOT NULL,
    last_login timestamp with time zone,
    is_superuser boolean NOT NULL,
    cedula character varying(32) NOT NULL,
    nombres character varying(150) NOT NULL,
    apellidos character varying(150) NOT NULL,
    telefono character varying(32) NOT NULL,
    email character varying(254) NOT NULL,
    direccion character varying(255) NOT NULL,
    contacto_nombre character varying(150) NOT NULL,
    contacto_telefono character varying(32) NOT NULL,
    is_active boolean NOT NULL,
    is_staff boolean NOT NULL,
    date_joined timestamp with time zone NOT NULL,
    preferred_farm_id bigint,
    employment_start_date date
);


--
-- Name: users_userprofile_groups; Type: TABLE; Schema: public; Owner: -
--

CREATE TABLE public.users_userprofile_groups (
    id bigint NOT NULL,
    userprofile_id bigint NOT NULL,
    group_id integer NOT NULL
);


--
-- Name: users_userprofile_groups_id_seq; Type: SEQUENCE; Schema: public; Owner: -
--

ALTER TABLE public.users_userprofile_groups ALTER COLUMN id ADD GENERATED BY DEFAULT AS IDENTITY (
    SEQUENCE NAME public.users_userprofile_groups_id_seq
    START WITH 1
    INCREMENT BY 1
    NO MINVALUE
    NO MAXVALUE
    CACHE 1
);


--
-- Name: users_userprofile_id_seq; Type: SEQUENCE; Schema: public; Owner: -
--

ALTER TABLE public.users_userprofile ALTER COLUMN id ADD GENERATED BY DEFAULT AS IDENTITY (
    SEQUENCE NAME public.users_userprofile_id_seq
    START WITH 1
    INCREMENT BY 1
    NO MINVALUE
    NO MAXVALUE
    CACHE 1
);


--
-- Name: users_userprofile_roles; Type: TABLE; Schema: public; Owner: -
--

CREATE TABLE public.users_userprofile_roles (
    id bigint NOT NULL,
    userprofile_id bigint NOT NULL,
    role_id bigint NOT NULL
);


--
-- Name: users_userprofile_roles_id_seq; Type: SEQUENCE; Schema: public; Owner: -
--

ALTER TABLE public.users_userprofile_roles ALTER COLUMN id ADD GENERATED BY DEFAULT AS IDENTITY (
    SEQUENCE NAME public.users_userprofile_roles_id_seq
    START WITH 1
    INCREMENT BY 1
    NO MINVALUE
    NO MAXVALUE
    CACHE 1
);


--
-- Name: users_userprofile_user_permissions; Type: TABLE; Schema: public; Owner: -
--

CREATE TABLE public.users_userprofile_user_permissions (
    id bigint NOT NULL,
    userprofile_id bigint NOT NULL,
    permission_id integer NOT NULL
);


--
-- Name: users_userprofile_user_permissions_id_seq; Type: SEQUENCE; Schema: public; Owner: -
--

ALTER TABLE public.users_userprofile_user_permissions ALTER COLUMN id ADD GENERATED BY DEFAULT AS IDENTITY (
    SEQUENCE NAME public.users_userprofile_user_permissions_id_seq
    START WITH 1
    INCREMENT BY 1
    NO MINVALUE
    NO MAXVALUE
    CACHE 1
);


--
-- Data for Name: auth_group; Type: TABLE DATA; Schema: public; Owner: -
--

COPY public.auth_group (id, name) FROM stdin;
\.


--
-- Data for Name: auth_group_permissions; Type: TABLE DATA; Schema: public; Owner: -
--

COPY public.auth_group_permissions (id, group_id, permission_id) FROM stdin;
\.


--
-- Data for Name: auth_permission; Type: TABLE DATA; Schema: public; Owner: -
--

COPY public.auth_permission (id, name, content_type_id, codename) FROM stdin;
1	Can add log entry	1	add_logentry
2	Can change log entry	1	change_logentry
3	Can delete log entry	1	delete_logentry
4	Can view log entry	1	view_logentry
5	Can add permission	2	add_permission
6	Can change permission	2	change_permission
7	Can delete permission	2	delete_permission
8	Can view permission	2	view_permission
9	Can add group	3	add_group
10	Can change group	3	change_group
11	Can delete group	3	delete_group
12	Can view group	3	view_group
13	Can add content type	4	add_contenttype
14	Can change content type	4	change_contenttype
15	Can delete content type	4	delete_contenttype
16	Can view content type	4	view_contenttype
17	Can add session	5	add_session
18	Can change session	5	change_session
19	Can delete session	5	delete_session
20	Can view session	5	view_session
21	Can add Definición de posición	6	add_positiondefinition
22	Can change Definición de posición	6	change_positiondefinition
23	Can delete Definición de posición	6	delete_positiondefinition
24	Can view Definición de posición	6	view_positiondefinition
25	Can add Regla de descanso	7	add_restrule
26	Can change Regla de descanso	7	change_restrule
27	Can delete Regla de descanso	7	delete_restrule
28	Can view Regla de descanso	7	view_restrule
29	Can add Asignación	8	add_shiftassignment
30	Can change Asignación	8	change_shiftassignment
31	Can delete Asignación	8	delete_shiftassignment
32	Can view Asignación	8	view_shiftassignment
33	Can add Historial de asignación	9	add_assignmentchangelog
34	Can change Historial de asignación	9	change_assignmentchangelog
35	Can delete Historial de asignación	9	delete_assignmentchangelog
36	Can view Historial de asignación	9	view_assignmentchangelog
37	Can add Calendario de turnos	10	add_shiftcalendar
38	Can change Calendario de turnos	10	change_shiftcalendar
39	Can delete Calendario de turnos	10	delete_shiftcalendar
40	Can view Calendario de turnos	10	view_shiftcalendar
41	Can add Capacidad de operario	11	add_operatorcapability
42	Can change Capacidad de operario	11	change_operatorcapability
43	Can delete Capacidad de operario	11	delete_operatorcapability
44	Can view Capacidad de operario	11	view_operatorcapability
45	Can add Preferencia de granja	12	add_operatorfarmpreference
46	Can change Preferencia de granja	12	change_operatorfarmpreference
47	Can delete Preferencia de granja	12	delete_operatorfarmpreference
48	Can view Preferencia de granja	12	view_operatorfarmpreference
49	Can add Regla de sobrecarga	13	add_overloadallowance
50	Can change Regla de sobrecarga	13	change_overloadallowance
51	Can delete Regla de sobrecarga	13	delete_overloadallowance
52	Can view Regla de sobrecarga	13	view_overloadallowance
53	Can add Preferencia de descanso	14	add_restpreference
54	Can change Preferencia de descanso	14	change_restpreference
55	Can delete Preferencia de descanso	14	delete_restpreference
56	Can view Preferencia de descanso	14	view_restpreference
57	Can add Carga de trabajo	15	add_workloadsnapshot
58	Can change Carga de trabajo	15	change_workloadsnapshot
59	Can delete Carga de trabajo	15	delete_workloadsnapshot
60	Can view Carga de trabajo	15	view_workloadsnapshot
61	Can add Rol	16	add_role
62	Can change Rol	16	change_role
63	Can delete Rol	16	delete_role
64	Can view Rol	16	view_role
65	Can add Usuario	17	add_userprofile
66	Can change Usuario	17	change_userprofile
67	Can delete Usuario	17	delete_userprofile
68	Can view Usuario	17	view_userprofile
69	Can add Permiso por rol	18	add_rolepermission
70	Can change Permiso por rol	18	change_rolepermission
71	Can delete Permiso por rol	18	delete_rolepermission
72	Can view Permiso por rol	18	view_rolepermission
73	Can add Granja	19	add_farm
74	Can change Granja	19	change_farm
75	Can delete Granja	19	delete_farm
76	Can view Granja	19	view_farm
77	Can add Galpon	20	add_chickenhouse
78	Can change Galpon	20	change_chickenhouse
79	Can delete Galpon	20	delete_chickenhouse
80	Can view Galpon	20	view_chickenhouse
81	Can add Lote de aves	21	add_birdbatch
82	Can change Lote de aves	21	change_birdbatch
83	Can delete Lote de aves	21	delete_birdbatch
84	Can view Lote de aves	21	view_birdbatch
85	Can add Salon	22	add_room
86	Can change Salon	22	change_room
87	Can delete Salon	22	delete_room
88	Can view Salon	22	view_room
89	Can add Asignacion de lote	23	add_birdbatchroomallocation
90	Can change Asignacion de lote	23	change_birdbatchroomallocation
91	Can delete Asignacion de lote	23	delete_birdbatchroomallocation
92	Can view Asignacion de lote	23	view_birdbatchroomallocation
93	Can add Categoría de posición	24	add_positioncategory
94	Can change Categoría de posición	24	change_positioncategory
95	Can delete Categoría de posición	24	delete_positioncategory
96	Can view Categoría de posición	24	view_positioncategory
97	Can add Periodo de descanso	25	add_operatorrestperiod
98	Can change Periodo de descanso	25	change_operatorrestperiod
99	Can delete Periodo de descanso	25	delete_operatorrestperiod
100	Can view Periodo de descanso	25	view_operatorrestperiod
\.


--
-- Data for Name: calendario_assignmentchangelog; Type: TABLE DATA; Schema: public; Owner: -
--

COPY public.calendario_assignmentchangelog (id, change_type, details, created_at, changed_by_id, new_operator_id, previous_operator_id, assignment_id) FROM stdin;
1	deleted	{"auto": true, "alert": "none", "assignment_id": 105}	2025-10-26 17:01:35.632229+00	\N	\N	12	\N
2	deleted	{"auto": true, "alert": "warn", "assignment_id": 104}	2025-10-26 17:01:35.634597+00	\N	\N	11	\N
3	deleted	{"auto": true, "alert": "critical", "assignment_id": 103}	2025-10-26 17:01:35.635695+00	\N	\N	10	\N
4	deleted	{"auto": true, "alert": "none", "assignment_id": 102}	2025-10-26 17:01:35.636678+00	\N	\N	17	\N
5	deleted	{"auto": true, "alert": "critical", "assignment_id": 101}	2025-10-26 17:01:35.637608+00	\N	\N	16	\N
6	deleted	{"auto": true, "alert": "critical", "assignment_id": 100}	2025-10-26 17:01:35.638507+00	\N	\N	9	\N
7	deleted	{"auto": true, "alert": "critical", "assignment_id": 99}	2025-10-26 17:01:35.639751+00	\N	\N	7	\N
8	deleted	{"auto": true, "alert": "critical", "assignment_id": 98}	2025-10-26 17:01:35.64128+00	\N	\N	6	\N
9	deleted	{"auto": true, "alert": "critical", "assignment_id": 97}	2025-10-26 17:01:35.642327+00	\N	\N	8	\N
10	deleted	{"auto": true, "alert": "none", "assignment_id": 96}	2025-10-26 17:01:35.643474+00	\N	\N	5	\N
11	deleted	{"auto": true, "alert": "none", "assignment_id": 95}	2025-10-26 17:01:35.644741+00	\N	\N	1	\N
12	deleted	{"auto": true, "alert": "none", "assignment_id": 94}	2025-10-26 17:01:35.645852+00	\N	\N	23	\N
13	deleted	{"auto": true, "alert": "none", "assignment_id": 93}	2025-10-26 17:01:35.64691+00	\N	\N	4	\N
14	deleted	{"auto": true, "alert": "none", "assignment_id": 92}	2025-10-26 17:01:35.648191+00	\N	\N	3	\N
15	deleted	{"auto": true, "alert": "critical", "assignment_id": 91}	2025-10-26 17:01:35.649525+00	\N	\N	2	\N
16	deleted	{"auto": true, "alert": "none", "assignment_id": 90}	2025-10-26 17:01:35.6505+00	\N	\N	12	\N
17	deleted	{"auto": true, "alert": "warn", "assignment_id": 89}	2025-10-26 17:01:35.651436+00	\N	\N	11	\N
18	deleted	{"auto": true, "alert": "critical", "assignment_id": 88}	2025-10-26 17:01:35.652546+00	\N	\N	10	\N
19	deleted	{"auto": true, "alert": "none", "assignment_id": 87}	2025-10-26 17:01:35.653796+00	\N	\N	17	\N
20	deleted	{"auto": true, "alert": "critical", "assignment_id": 86}	2025-10-26 17:01:35.654808+00	\N	\N	16	\N
21	deleted	{"auto": true, "alert": "critical", "assignment_id": 85}	2025-10-26 17:01:35.655992+00	\N	\N	9	\N
22	deleted	{"auto": true, "alert": "critical", "assignment_id": 84}	2025-10-26 17:01:35.657245+00	\N	\N	7	\N
23	deleted	{"auto": true, "alert": "critical", "assignment_id": 83}	2025-10-26 17:01:35.658384+00	\N	\N	6	\N
24	deleted	{"auto": true, "alert": "critical", "assignment_id": 82}	2025-10-26 17:01:35.659276+00	\N	\N	8	\N
25	deleted	{"auto": true, "alert": "none", "assignment_id": 81}	2025-10-26 17:01:35.660198+00	\N	\N	5	\N
26	deleted	{"auto": true, "alert": "none", "assignment_id": 80}	2025-10-26 17:01:35.661362+00	\N	\N	1	\N
27	deleted	{"auto": true, "alert": "none", "assignment_id": 79}	2025-10-26 17:01:35.662413+00	\N	\N	23	\N
28	deleted	{"auto": true, "alert": "none", "assignment_id": 78}	2025-10-26 17:01:35.663237+00	\N	\N	4	\N
29	deleted	{"auto": true, "alert": "none", "assignment_id": 77}	2025-10-26 17:01:35.664077+00	\N	\N	3	\N
30	deleted	{"auto": true, "alert": "critical", "assignment_id": 76}	2025-10-26 17:01:35.665023+00	\N	\N	2	\N
31	deleted	{"auto": true, "alert": "none", "assignment_id": 75}	2025-10-26 17:01:35.665845+00	\N	\N	12	\N
32	deleted	{"auto": true, "alert": "warn", "assignment_id": 74}	2025-10-26 17:01:35.666575+00	\N	\N	11	\N
33	deleted	{"auto": true, "alert": "critical", "assignment_id": 73}	2025-10-26 17:01:35.66728+00	\N	\N	10	\N
34	deleted	{"auto": true, "alert": "none", "assignment_id": 72}	2025-10-26 17:01:35.667979+00	\N	\N	17	\N
35	deleted	{"auto": true, "alert": "critical", "assignment_id": 71}	2025-10-26 17:01:35.668718+00	\N	\N	16	\N
36	deleted	{"auto": true, "alert": "critical", "assignment_id": 70}	2025-10-26 17:01:35.669439+00	\N	\N	9	\N
37	deleted	{"auto": true, "alert": "critical", "assignment_id": 69}	2025-10-26 17:01:35.670136+00	\N	\N	7	\N
38	deleted	{"auto": true, "alert": "critical", "assignment_id": 68}	2025-10-26 17:01:35.670834+00	\N	\N	6	\N
39	deleted	{"auto": true, "alert": "critical", "assignment_id": 67}	2025-10-26 17:01:35.671542+00	\N	\N	8	\N
40	deleted	{"auto": true, "alert": "none", "assignment_id": 66}	2025-10-26 17:01:35.672289+00	\N	\N	5	\N
41	deleted	{"auto": true, "alert": "none", "assignment_id": 65}	2025-10-26 17:01:35.673062+00	\N	\N	1	\N
42	deleted	{"auto": true, "alert": "none", "assignment_id": 64}	2025-10-26 17:01:35.673719+00	\N	\N	23	\N
43	deleted	{"auto": true, "alert": "none", "assignment_id": 63}	2025-10-26 17:01:35.674353+00	\N	\N	4	\N
44	deleted	{"auto": true, "alert": "none", "assignment_id": 62}	2025-10-26 17:01:35.674989+00	\N	\N	3	\N
45	deleted	{"auto": true, "alert": "critical", "assignment_id": 61}	2025-10-26 17:01:35.67562+00	\N	\N	2	\N
46	deleted	{"auto": true, "alert": "none", "assignment_id": 60}	2025-10-26 17:01:35.67626+00	\N	\N	12	\N
47	deleted	{"auto": true, "alert": "warn", "assignment_id": 59}	2025-10-26 17:01:35.676846+00	\N	\N	11	\N
48	deleted	{"auto": true, "alert": "critical", "assignment_id": 58}	2025-10-26 17:01:35.677422+00	\N	\N	10	\N
49	deleted	{"auto": true, "alert": "none", "assignment_id": 57}	2025-10-26 17:01:35.677999+00	\N	\N	17	\N
50	deleted	{"auto": true, "alert": "critical", "assignment_id": 56}	2025-10-26 17:01:35.67868+00	\N	\N	16	\N
51	deleted	{"auto": true, "alert": "critical", "assignment_id": 55}	2025-10-26 17:01:35.679316+00	\N	\N	9	\N
52	deleted	{"auto": true, "alert": "critical", "assignment_id": 54}	2025-10-26 17:01:35.680023+00	\N	\N	7	\N
53	deleted	{"auto": true, "alert": "critical", "assignment_id": 53}	2025-10-26 17:01:35.680666+00	\N	\N	6	\N
54	deleted	{"auto": true, "alert": "critical", "assignment_id": 52}	2025-10-26 17:01:35.681517+00	\N	\N	8	\N
55	deleted	{"auto": true, "alert": "none", "assignment_id": 51}	2025-10-26 17:01:35.682363+00	\N	\N	5	\N
56	deleted	{"auto": true, "alert": "none", "assignment_id": 50}	2025-10-26 17:01:35.682993+00	\N	\N	1	\N
57	deleted	{"auto": true, "alert": "none", "assignment_id": 49}	2025-10-26 17:01:35.683594+00	\N	\N	23	\N
58	deleted	{"auto": true, "alert": "none", "assignment_id": 48}	2025-10-26 17:01:35.684187+00	\N	\N	4	\N
59	deleted	{"auto": true, "alert": "none", "assignment_id": 47}	2025-10-26 17:01:35.684825+00	\N	\N	3	\N
60	deleted	{"auto": true, "alert": "critical", "assignment_id": 46}	2025-10-26 17:01:35.685394+00	\N	\N	2	\N
61	deleted	{"auto": true, "alert": "none", "assignment_id": 45}	2025-10-26 17:01:35.685984+00	\N	\N	12	\N
62	deleted	{"auto": true, "alert": "warn", "assignment_id": 44}	2025-10-26 17:01:35.686591+00	\N	\N	11	\N
63	deleted	{"auto": true, "alert": "critical", "assignment_id": 43}	2025-10-26 17:01:35.687453+00	\N	\N	10	\N
64	deleted	{"auto": true, "alert": "none", "assignment_id": 42}	2025-10-26 17:01:35.687958+00	\N	\N	17	\N
65	deleted	{"auto": true, "alert": "critical", "assignment_id": 41}	2025-10-26 17:01:35.688493+00	\N	\N	16	\N
66	deleted	{"auto": true, "alert": "critical", "assignment_id": 40}	2025-10-26 17:01:35.689018+00	\N	\N	9	\N
67	deleted	{"auto": true, "alert": "critical", "assignment_id": 39}	2025-10-26 17:01:35.689541+00	\N	\N	7	\N
68	deleted	{"auto": true, "alert": "critical", "assignment_id": 38}	2025-10-26 17:01:35.690052+00	\N	\N	6	\N
69	deleted	{"auto": true, "alert": "critical", "assignment_id": 37}	2025-10-26 17:01:35.69058+00	\N	\N	8	\N
70	deleted	{"auto": true, "alert": "none", "assignment_id": 36}	2025-10-26 17:01:35.691104+00	\N	\N	5	\N
71	deleted	{"auto": true, "alert": "none", "assignment_id": 35}	2025-10-26 17:01:35.691744+00	\N	\N	1	\N
72	deleted	{"auto": true, "alert": "none", "assignment_id": 34}	2025-10-26 17:01:35.692314+00	\N	\N	23	\N
73	deleted	{"auto": true, "alert": "none", "assignment_id": 33}	2025-10-26 17:01:35.692851+00	\N	\N	4	\N
74	deleted	{"auto": true, "alert": "none", "assignment_id": 32}	2025-10-26 17:01:35.693489+00	\N	\N	3	\N
75	deleted	{"auto": true, "alert": "critical", "assignment_id": 31}	2025-10-26 17:01:35.694082+00	\N	\N	2	\N
76	deleted	{"auto": true, "alert": "none", "assignment_id": 30}	2025-10-26 17:01:35.694661+00	\N	\N	12	\N
77	deleted	{"auto": true, "alert": "warn", "assignment_id": 29}	2025-10-26 17:01:35.695285+00	\N	\N	11	\N
78	deleted	{"auto": true, "alert": "critical", "assignment_id": 28}	2025-10-26 17:01:35.695934+00	\N	\N	10	\N
79	deleted	{"auto": true, "alert": "none", "assignment_id": 27}	2025-10-26 17:01:35.696598+00	\N	\N	17	\N
80	deleted	{"auto": true, "alert": "critical", "assignment_id": 26}	2025-10-26 17:01:35.69714+00	\N	\N	16	\N
81	deleted	{"auto": true, "alert": "critical", "assignment_id": 25}	2025-10-26 17:01:35.697676+00	\N	\N	9	\N
82	deleted	{"auto": true, "alert": "critical", "assignment_id": 24}	2025-10-26 17:01:35.698204+00	\N	\N	7	\N
83	deleted	{"auto": true, "alert": "critical", "assignment_id": 23}	2025-10-26 17:01:35.698726+00	\N	\N	6	\N
84	deleted	{"auto": true, "alert": "critical", "assignment_id": 22}	2025-10-26 17:01:35.699251+00	\N	\N	8	\N
85	deleted	{"auto": true, "alert": "none", "assignment_id": 21}	2025-10-26 17:01:35.69977+00	\N	\N	5	\N
86	deleted	{"auto": true, "alert": "none", "assignment_id": 20}	2025-10-26 17:01:35.700301+00	\N	\N	1	\N
87	deleted	{"auto": true, "alert": "none", "assignment_id": 19}	2025-10-26 17:01:35.700839+00	\N	\N	23	\N
88	deleted	{"auto": true, "alert": "none", "assignment_id": 18}	2025-10-26 17:01:35.701418+00	\N	\N	4	\N
89	deleted	{"auto": true, "alert": "none", "assignment_id": 17}	2025-10-26 17:01:35.701946+00	\N	\N	3	\N
90	deleted	{"auto": true, "alert": "critical", "assignment_id": 16}	2025-10-26 17:01:35.702489+00	\N	\N	2	\N
91	deleted	{"auto": true, "alert": "none", "assignment_id": 15}	2025-10-26 17:01:35.703062+00	\N	\N	12	\N
92	deleted	{"auto": true, "alert": "none", "assignment_id": 14}	2025-10-26 17:01:35.703625+00	\N	\N	11	\N
93	deleted	{"auto": true, "alert": "critical", "assignment_id": 13}	2025-10-26 17:01:35.704159+00	\N	\N	10	\N
94	deleted	{"auto": true, "alert": "none", "assignment_id": 12}	2025-10-26 17:01:35.704711+00	\N	\N	17	\N
95	deleted	{"auto": true, "alert": "critical", "assignment_id": 11}	2025-10-26 17:01:35.705327+00	\N	\N	16	\N
96	deleted	{"auto": true, "alert": "critical", "assignment_id": 10}	2025-10-26 17:01:35.705886+00	\N	\N	9	\N
97	deleted	{"auto": true, "alert": "critical", "assignment_id": 9}	2025-10-26 17:01:35.706599+00	\N	\N	7	\N
98	deleted	{"auto": true, "alert": "critical", "assignment_id": 8}	2025-10-26 17:01:35.707122+00	\N	\N	6	\N
99	deleted	{"auto": true, "alert": "critical", "assignment_id": 7}	2025-10-26 17:01:35.707706+00	\N	\N	8	\N
100	deleted	{"auto": true, "alert": "none", "assignment_id": 6}	2025-10-26 17:01:35.708286+00	\N	\N	5	\N
101	deleted	{"auto": true, "alert": "none", "assignment_id": 5}	2025-10-26 17:01:35.708834+00	\N	\N	1	\N
102	deleted	{"auto": true, "alert": "none", "assignment_id": 4}	2025-10-26 17:01:35.709376+00	\N	\N	23	\N
103	deleted	{"auto": true, "alert": "none", "assignment_id": 3}	2025-10-26 17:01:35.709932+00	\N	\N	4	\N
104	deleted	{"auto": true, "alert": "none", "assignment_id": 2}	2025-10-26 17:01:35.710706+00	\N	\N	3	\N
105	deleted	{"auto": true, "alert": "critical", "assignment_id": 1}	2025-10-26 17:01:35.71136+00	\N	\N	2	\N
106	created	{"auto": false, "alert": "critical"}	2025-10-26 17:47:25.643581+00	\N	4	\N	\N
107	updated	{"auto": false, "alert": "critical"}	2025-10-26 18:16:37.884338+00	\N	3	4	\N
108	deleted	{"auto": false, "alert": "critical", "assignment_id": 211}	2025-10-26 22:20:00.662156+00	\N	\N	3	\N
109	deleted	{"auto": true, "alert": "none", "assignment_id": 210}	2025-10-26 22:20:00.66514+00	\N	\N	12	\N
110	deleted	{"auto": true, "alert": "warn", "assignment_id": 209}	2025-10-26 22:20:00.666432+00	\N	\N	11	\N
111	deleted	{"auto": true, "alert": "critical", "assignment_id": 208}	2025-10-26 22:20:00.667644+00	\N	\N	10	\N
112	deleted	{"auto": true, "alert": "none", "assignment_id": 207}	2025-10-26 22:20:00.669318+00	\N	\N	17	\N
113	deleted	{"auto": true, "alert": "critical", "assignment_id": 206}	2025-10-26 22:20:00.670481+00	\N	\N	16	\N
114	deleted	{"auto": true, "alert": "critical", "assignment_id": 205}	2025-10-26 22:20:00.671411+00	\N	\N	9	\N
115	deleted	{"auto": true, "alert": "critical", "assignment_id": 204}	2025-10-26 22:20:00.67244+00	\N	\N	7	\N
116	deleted	{"auto": true, "alert": "critical", "assignment_id": 203}	2025-10-26 22:20:00.673451+00	\N	\N	6	\N
117	deleted	{"auto": true, "alert": "critical", "assignment_id": 202}	2025-10-26 22:20:00.674572+00	\N	\N	8	\N
118	deleted	{"auto": true, "alert": "none", "assignment_id": 201}	2025-10-26 22:20:00.675568+00	\N	\N	5	\N
119	deleted	{"auto": true, "alert": "none", "assignment_id": 200}	2025-10-26 22:20:00.676796+00	\N	\N	1	\N
120	deleted	{"auto": true, "alert": "none", "assignment_id": 199}	2025-10-26 22:20:00.677761+00	\N	\N	23	\N
121	deleted	{"auto": true, "alert": "none", "assignment_id": 198}	2025-10-26 22:20:00.678569+00	\N	\N	4	\N
122	deleted	{"auto": true, "alert": "none", "assignment_id": 197}	2025-10-26 22:20:00.679355+00	\N	\N	3	\N
123	deleted	{"auto": true, "alert": "critical", "assignment_id": 196}	2025-10-26 22:20:00.680557+00	\N	\N	2	\N
124	deleted	{"auto": true, "alert": "none", "assignment_id": 195}	2025-10-26 22:20:00.681469+00	\N	\N	12	\N
125	deleted	{"auto": true, "alert": "warn", "assignment_id": 194}	2025-10-26 22:20:00.682215+00	\N	\N	11	\N
126	deleted	{"auto": true, "alert": "critical", "assignment_id": 193}	2025-10-26 22:20:00.682945+00	\N	\N	10	\N
127	deleted	{"auto": true, "alert": "none", "assignment_id": 192}	2025-10-26 22:20:00.683676+00	\N	\N	17	\N
128	deleted	{"auto": true, "alert": "critical", "assignment_id": 191}	2025-10-26 22:20:00.68443+00	\N	\N	16	\N
129	deleted	{"auto": true, "alert": "critical", "assignment_id": 190}	2025-10-26 22:20:00.685162+00	\N	\N	9	\N
130	deleted	{"auto": true, "alert": "critical", "assignment_id": 189}	2025-10-26 22:20:00.686209+00	\N	\N	7	\N
131	deleted	{"auto": true, "alert": "critical", "assignment_id": 188}	2025-10-26 22:20:00.687071+00	\N	\N	6	\N
132	deleted	{"auto": true, "alert": "critical", "assignment_id": 187}	2025-10-26 22:20:00.687769+00	\N	\N	8	\N
133	deleted	{"auto": true, "alert": "none", "assignment_id": 186}	2025-10-26 22:20:00.688415+00	\N	\N	5	\N
134	deleted	{"auto": true, "alert": "none", "assignment_id": 185}	2025-10-26 22:20:00.689265+00	\N	\N	1	\N
135	deleted	{"auto": true, "alert": "none", "assignment_id": 184}	2025-10-26 22:20:00.690181+00	\N	\N	23	\N
136	deleted	{"auto": true, "alert": "none", "assignment_id": 183}	2025-10-26 22:20:00.69102+00	\N	\N	4	\N
137	deleted	{"auto": true, "alert": "none", "assignment_id": 182}	2025-10-26 22:20:00.691692+00	\N	\N	3	\N
138	deleted	{"auto": true, "alert": "critical", "assignment_id": 181}	2025-10-26 22:20:00.692353+00	\N	\N	2	\N
139	deleted	{"auto": true, "alert": "none", "assignment_id": 180}	2025-10-26 22:20:00.693004+00	\N	\N	12	\N
140	deleted	{"auto": true, "alert": "warn", "assignment_id": 179}	2025-10-26 22:20:00.693686+00	\N	\N	11	\N
141	deleted	{"auto": true, "alert": "critical", "assignment_id": 178}	2025-10-26 22:20:00.694337+00	\N	\N	10	\N
142	deleted	{"auto": true, "alert": "none", "assignment_id": 177}	2025-10-26 22:20:00.694939+00	\N	\N	17	\N
143	deleted	{"auto": true, "alert": "critical", "assignment_id": 176}	2025-10-26 22:20:00.695546+00	\N	\N	16	\N
144	deleted	{"auto": true, "alert": "critical", "assignment_id": 175}	2025-10-26 22:20:00.696142+00	\N	\N	9	\N
145	deleted	{"auto": true, "alert": "critical", "assignment_id": 174}	2025-10-26 22:20:00.696728+00	\N	\N	7	\N
146	deleted	{"auto": true, "alert": "critical", "assignment_id": 173}	2025-10-26 22:20:00.697315+00	\N	\N	6	\N
147	deleted	{"auto": true, "alert": "critical", "assignment_id": 172}	2025-10-26 22:20:00.697894+00	\N	\N	8	\N
148	deleted	{"auto": true, "alert": "none", "assignment_id": 171}	2025-10-26 22:20:00.698486+00	\N	\N	5	\N
149	deleted	{"auto": true, "alert": "none", "assignment_id": 170}	2025-10-26 22:20:00.699111+00	\N	\N	1	\N
150	deleted	{"auto": true, "alert": "none", "assignment_id": 169}	2025-10-26 22:20:00.699713+00	\N	\N	23	\N
151	deleted	{"auto": true, "alert": "none", "assignment_id": 168}	2025-10-26 22:20:00.700308+00	\N	\N	4	\N
152	deleted	{"auto": true, "alert": "none", "assignment_id": 167}	2025-10-26 22:20:00.700893+00	\N	\N	3	\N
153	deleted	{"auto": true, "alert": "critical", "assignment_id": 166}	2025-10-26 22:20:00.701478+00	\N	\N	2	\N
154	deleted	{"auto": true, "alert": "none", "assignment_id": 165}	2025-10-26 22:20:00.702093+00	\N	\N	12	\N
155	deleted	{"auto": true, "alert": "warn", "assignment_id": 164}	2025-10-26 22:20:00.702642+00	\N	\N	11	\N
156	deleted	{"auto": true, "alert": "critical", "assignment_id": 163}	2025-10-26 22:20:00.703243+00	\N	\N	10	\N
157	deleted	{"auto": true, "alert": "none", "assignment_id": 162}	2025-10-26 22:20:00.703825+00	\N	\N	17	\N
158	deleted	{"auto": true, "alert": "critical", "assignment_id": 161}	2025-10-26 22:20:00.704392+00	\N	\N	16	\N
159	deleted	{"auto": true, "alert": "critical", "assignment_id": 160}	2025-10-26 22:20:00.70493+00	\N	\N	9	\N
160	deleted	{"auto": true, "alert": "critical", "assignment_id": 159}	2025-10-26 22:20:00.705545+00	\N	\N	7	\N
161	deleted	{"auto": true, "alert": "critical", "assignment_id": 158}	2025-10-26 22:20:00.70611+00	\N	\N	6	\N
162	deleted	{"auto": true, "alert": "critical", "assignment_id": 157}	2025-10-26 22:20:00.706652+00	\N	\N	8	\N
163	deleted	{"auto": true, "alert": "none", "assignment_id": 156}	2025-10-26 22:20:00.707189+00	\N	\N	5	\N
164	deleted	{"auto": true, "alert": "none", "assignment_id": 155}	2025-10-26 22:20:00.707716+00	\N	\N	1	\N
165	deleted	{"auto": true, "alert": "none", "assignment_id": 154}	2025-10-26 22:20:00.708264+00	\N	\N	23	\N
166	deleted	{"auto": true, "alert": "none", "assignment_id": 153}	2025-10-26 22:20:00.708802+00	\N	\N	4	\N
167	deleted	{"auto": true, "alert": "none", "assignment_id": 152}	2025-10-26 22:20:00.709501+00	\N	\N	3	\N
168	deleted	{"auto": true, "alert": "critical", "assignment_id": 151}	2025-10-26 22:20:00.710314+00	\N	\N	2	\N
169	deleted	{"auto": true, "alert": "none", "assignment_id": 150}	2025-10-26 22:20:00.710989+00	\N	\N	12	\N
170	deleted	{"auto": true, "alert": "warn", "assignment_id": 149}	2025-10-26 22:20:00.711558+00	\N	\N	11	\N
171	deleted	{"auto": true, "alert": "critical", "assignment_id": 148}	2025-10-26 22:20:00.712097+00	\N	\N	10	\N
172	deleted	{"auto": true, "alert": "none", "assignment_id": 147}	2025-10-26 22:20:00.712624+00	\N	\N	17	\N
173	deleted	{"auto": true, "alert": "critical", "assignment_id": 146}	2025-10-26 22:20:00.713206+00	\N	\N	16	\N
174	deleted	{"auto": true, "alert": "critical", "assignment_id": 145}	2025-10-26 22:20:00.713802+00	\N	\N	9	\N
175	deleted	{"auto": true, "alert": "critical", "assignment_id": 144}	2025-10-26 22:20:00.71448+00	\N	\N	7	\N
176	deleted	{"auto": true, "alert": "critical", "assignment_id": 143}	2025-10-26 22:20:00.71537+00	\N	\N	6	\N
177	deleted	{"auto": true, "alert": "critical", "assignment_id": 142}	2025-10-26 22:20:00.716017+00	\N	\N	8	\N
178	deleted	{"auto": true, "alert": "none", "assignment_id": 141}	2025-10-26 22:20:00.71659+00	\N	\N	5	\N
179	deleted	{"auto": true, "alert": "none", "assignment_id": 140}	2025-10-26 22:20:00.717159+00	\N	\N	1	\N
180	deleted	{"auto": true, "alert": "none", "assignment_id": 139}	2025-10-26 22:20:00.717721+00	\N	\N	23	\N
181	deleted	{"auto": true, "alert": "none", "assignment_id": 138}	2025-10-26 22:20:00.718302+00	\N	\N	4	\N
182	deleted	{"auto": true, "alert": "none", "assignment_id": 137}	2025-10-26 22:20:00.719152+00	\N	\N	3	\N
183	deleted	{"auto": true, "alert": "critical", "assignment_id": 136}	2025-10-26 22:20:00.719995+00	\N	\N	2	\N
184	deleted	{"auto": true, "alert": "none", "assignment_id": 135}	2025-10-26 22:20:00.72064+00	\N	\N	12	\N
185	deleted	{"auto": true, "alert": "warn", "assignment_id": 134}	2025-10-26 22:20:00.721213+00	\N	\N	11	\N
186	deleted	{"auto": true, "alert": "critical", "assignment_id": 133}	2025-10-26 22:20:00.721777+00	\N	\N	10	\N
187	deleted	{"auto": true, "alert": "none", "assignment_id": 132}	2025-10-26 22:20:00.722356+00	\N	\N	17	\N
188	deleted	{"auto": true, "alert": "critical", "assignment_id": 131}	2025-10-26 22:20:00.723068+00	\N	\N	16	\N
189	deleted	{"auto": true, "alert": "critical", "assignment_id": 130}	2025-10-26 22:20:00.723768+00	\N	\N	9	\N
190	deleted	{"auto": true, "alert": "critical", "assignment_id": 129}	2025-10-26 22:20:00.724443+00	\N	\N	7	\N
191	deleted	{"auto": true, "alert": "critical", "assignment_id": 128}	2025-10-26 22:20:00.725082+00	\N	\N	6	\N
192	deleted	{"auto": true, "alert": "critical", "assignment_id": 127}	2025-10-26 22:20:00.725627+00	\N	\N	8	\N
193	deleted	{"auto": true, "alert": "none", "assignment_id": 126}	2025-10-26 22:20:00.726345+00	\N	\N	5	\N
194	deleted	{"auto": true, "alert": "none", "assignment_id": 125}	2025-10-26 22:20:00.727169+00	\N	\N	1	\N
195	deleted	{"auto": true, "alert": "none", "assignment_id": 124}	2025-10-26 22:20:00.727772+00	\N	\N	23	\N
196	deleted	{"auto": true, "alert": "none", "assignment_id": 123}	2025-10-26 22:20:00.728336+00	\N	\N	4	\N
197	deleted	{"auto": true, "alert": "none", "assignment_id": 122}	2025-10-26 22:20:00.728862+00	\N	\N	3	\N
198	deleted	{"auto": true, "alert": "critical", "assignment_id": 121}	2025-10-26 22:20:00.729419+00	\N	\N	2	\N
199	deleted	{"auto": true, "alert": "none", "assignment_id": 120}	2025-10-26 22:20:00.729978+00	\N	\N	12	\N
200	deleted	{"auto": true, "alert": "none", "assignment_id": 119}	2025-10-26 22:20:00.730649+00	\N	\N	11	\N
201	deleted	{"auto": true, "alert": "critical", "assignment_id": 118}	2025-10-26 22:20:00.731231+00	\N	\N	10	\N
202	deleted	{"auto": true, "alert": "none", "assignment_id": 117}	2025-10-26 22:20:00.731861+00	\N	\N	17	\N
203	deleted	{"auto": true, "alert": "critical", "assignment_id": 116}	2025-10-26 22:20:00.732435+00	\N	\N	16	\N
204	deleted	{"auto": true, "alert": "critical", "assignment_id": 115}	2025-10-26 22:20:00.732994+00	\N	\N	9	\N
205	deleted	{"auto": true, "alert": "critical", "assignment_id": 114}	2025-10-26 22:20:00.733517+00	\N	\N	7	\N
206	deleted	{"auto": true, "alert": "critical", "assignment_id": 113}	2025-10-26 22:20:00.73406+00	\N	\N	6	\N
207	deleted	{"auto": true, "alert": "critical", "assignment_id": 112}	2025-10-26 22:20:00.734726+00	\N	\N	8	\N
208	deleted	{"auto": true, "alert": "none", "assignment_id": 111}	2025-10-26 22:20:00.735342+00	\N	\N	5	\N
209	deleted	{"auto": true, "alert": "none", "assignment_id": 110}	2025-10-26 22:20:00.735945+00	\N	\N	1	\N
210	deleted	{"auto": true, "alert": "none", "assignment_id": 109}	2025-10-26 22:20:00.736504+00	\N	\N	23	\N
211	deleted	{"auto": true, "alert": "none", "assignment_id": 108}	2025-10-26 22:20:00.737266+00	\N	\N	4	\N
212	deleted	{"auto": true, "alert": "none", "assignment_id": 107}	2025-10-26 22:20:00.737927+00	\N	\N	3	\N
213	deleted	{"auto": true, "alert": "critical", "assignment_id": 106}	2025-10-26 22:20:00.738584+00	\N	\N	2	\N
214	deleted	{"auto": true, "alert": "none", "assignment_id": 316}	2025-10-26 23:48:03.228815+00	\N	\N	12	\N
215	deleted	{"auto": true, "alert": "warn", "assignment_id": 315}	2025-10-26 23:48:03.231176+00	\N	\N	11	\N
216	deleted	{"auto": true, "alert": "critical", "assignment_id": 314}	2025-10-26 23:48:03.23224+00	\N	\N	10	\N
217	deleted	{"auto": true, "alert": "none", "assignment_id": 313}	2025-10-26 23:48:03.23334+00	\N	\N	17	\N
218	deleted	{"auto": true, "alert": "critical", "assignment_id": 312}	2025-10-26 23:48:03.234322+00	\N	\N	16	\N
219	deleted	{"auto": true, "alert": "critical", "assignment_id": 311}	2025-10-26 23:48:03.235269+00	\N	\N	9	\N
220	deleted	{"auto": true, "alert": "critical", "assignment_id": 310}	2025-10-26 23:48:03.236261+00	\N	\N	7	\N
221	deleted	{"auto": true, "alert": "critical", "assignment_id": 309}	2025-10-26 23:48:03.237105+00	\N	\N	6	\N
222	deleted	{"auto": true, "alert": "critical", "assignment_id": 308}	2025-10-26 23:48:03.237904+00	\N	\N	8	\N
223	deleted	{"auto": true, "alert": "none", "assignment_id": 307}	2025-10-26 23:48:03.238716+00	\N	\N	5	\N
224	deleted	{"auto": true, "alert": "none", "assignment_id": 306}	2025-10-26 23:48:03.239641+00	\N	\N	1	\N
225	deleted	{"auto": true, "alert": "none", "assignment_id": 305}	2025-10-26 23:48:03.240467+00	\N	\N	23	\N
226	deleted	{"auto": true, "alert": "none", "assignment_id": 304}	2025-10-26 23:48:03.241649+00	\N	\N	4	\N
227	deleted	{"auto": true, "alert": "none", "assignment_id": 303}	2025-10-26 23:48:03.242835+00	\N	\N	3	\N
228	deleted	{"auto": true, "alert": "critical", "assignment_id": 302}	2025-10-26 23:48:03.243735+00	\N	\N	2	\N
229	deleted	{"auto": true, "alert": "none", "assignment_id": 301}	2025-10-26 23:48:03.244541+00	\N	\N	12	\N
230	deleted	{"auto": true, "alert": "warn", "assignment_id": 300}	2025-10-26 23:48:03.245504+00	\N	\N	11	\N
231	deleted	{"auto": true, "alert": "critical", "assignment_id": 299}	2025-10-26 23:48:03.246479+00	\N	\N	10	\N
232	deleted	{"auto": true, "alert": "none", "assignment_id": 298}	2025-10-26 23:48:03.247239+00	\N	\N	17	\N
233	deleted	{"auto": true, "alert": "critical", "assignment_id": 297}	2025-10-26 23:48:03.247963+00	\N	\N	16	\N
234	deleted	{"auto": true, "alert": "critical", "assignment_id": 296}	2025-10-26 23:48:03.248725+00	\N	\N	9	\N
235	deleted	{"auto": true, "alert": "critical", "assignment_id": 295}	2025-10-26 23:48:03.249572+00	\N	\N	7	\N
236	deleted	{"auto": true, "alert": "critical", "assignment_id": 294}	2025-10-26 23:48:03.250687+00	\N	\N	6	\N
237	deleted	{"auto": true, "alert": "critical", "assignment_id": 293}	2025-10-26 23:48:03.251594+00	\N	\N	8	\N
238	deleted	{"auto": true, "alert": "none", "assignment_id": 292}	2025-10-26 23:48:03.252351+00	\N	\N	5	\N
239	deleted	{"auto": true, "alert": "none", "assignment_id": 291}	2025-10-26 23:48:03.253047+00	\N	\N	1	\N
240	deleted	{"auto": true, "alert": "none", "assignment_id": 290}	2025-10-26 23:48:03.253889+00	\N	\N	23	\N
241	deleted	{"auto": true, "alert": "none", "assignment_id": 289}	2025-10-26 23:48:03.254674+00	\N	\N	4	\N
242	deleted	{"auto": true, "alert": "none", "assignment_id": 288}	2025-10-26 23:48:03.255362+00	\N	\N	3	\N
243	deleted	{"auto": true, "alert": "critical", "assignment_id": 287}	2025-10-26 23:48:03.256019+00	\N	\N	2	\N
244	deleted	{"auto": true, "alert": "none", "assignment_id": 286}	2025-10-26 23:48:03.256679+00	\N	\N	12	\N
245	deleted	{"auto": true, "alert": "warn", "assignment_id": 285}	2025-10-26 23:48:03.257683+00	\N	\N	11	\N
246	deleted	{"auto": true, "alert": "critical", "assignment_id": 284}	2025-10-26 23:48:03.258773+00	\N	\N	10	\N
247	deleted	{"auto": true, "alert": "none", "assignment_id": 283}	2025-10-26 23:48:03.259629+00	\N	\N	17	\N
248	deleted	{"auto": true, "alert": "critical", "assignment_id": 282}	2025-10-26 23:48:03.260286+00	\N	\N	16	\N
249	deleted	{"auto": true, "alert": "critical", "assignment_id": 281}	2025-10-26 23:48:03.260883+00	\N	\N	9	\N
250	deleted	{"auto": true, "alert": "critical", "assignment_id": 280}	2025-10-26 23:48:03.261613+00	\N	\N	7	\N
251	deleted	{"auto": true, "alert": "critical", "assignment_id": 279}	2025-10-26 23:48:03.262373+00	\N	\N	6	\N
252	deleted	{"auto": true, "alert": "critical", "assignment_id": 278}	2025-10-26 23:48:03.26307+00	\N	\N	8	\N
253	deleted	{"auto": true, "alert": "none", "assignment_id": 277}	2025-10-26 23:48:03.263696+00	\N	\N	5	\N
254	deleted	{"auto": true, "alert": "none", "assignment_id": 276}	2025-10-26 23:48:03.264305+00	\N	\N	1	\N
255	deleted	{"auto": true, "alert": "none", "assignment_id": 275}	2025-10-26 23:48:03.264898+00	\N	\N	23	\N
256	deleted	{"auto": true, "alert": "none", "assignment_id": 274}	2025-10-26 23:48:03.265511+00	\N	\N	4	\N
257	deleted	{"auto": true, "alert": "none", "assignment_id": 273}	2025-10-26 23:48:03.266198+00	\N	\N	3	\N
258	deleted	{"auto": true, "alert": "critical", "assignment_id": 272}	2025-10-26 23:48:03.266878+00	\N	\N	2	\N
259	deleted	{"auto": true, "alert": "none", "assignment_id": 271}	2025-10-26 23:48:03.267491+00	\N	\N	12	\N
260	deleted	{"auto": true, "alert": "warn", "assignment_id": 270}	2025-10-26 23:48:03.26807+00	\N	\N	11	\N
261	deleted	{"auto": true, "alert": "critical", "assignment_id": 269}	2025-10-26 23:48:03.268619+00	\N	\N	10	\N
262	deleted	{"auto": true, "alert": "none", "assignment_id": 268}	2025-10-26 23:48:03.26918+00	\N	\N	17	\N
263	deleted	{"auto": true, "alert": "critical", "assignment_id": 267}	2025-10-26 23:48:03.269849+00	\N	\N	16	\N
264	deleted	{"auto": true, "alert": "critical", "assignment_id": 266}	2025-10-26 23:48:03.2705+00	\N	\N	9	\N
265	deleted	{"auto": true, "alert": "critical", "assignment_id": 265}	2025-10-26 23:48:03.27108+00	\N	\N	7	\N
266	deleted	{"auto": true, "alert": "critical", "assignment_id": 264}	2025-10-26 23:48:03.271633+00	\N	\N	6	\N
267	deleted	{"auto": true, "alert": "critical", "assignment_id": 263}	2025-10-26 23:48:03.272191+00	\N	\N	8	\N
268	deleted	{"auto": true, "alert": "none", "assignment_id": 262}	2025-10-26 23:48:03.272745+00	\N	\N	5	\N
269	deleted	{"auto": true, "alert": "none", "assignment_id": 261}	2025-10-26 23:48:03.273301+00	\N	\N	1	\N
270	deleted	{"auto": true, "alert": "none", "assignment_id": 260}	2025-10-26 23:48:03.273843+00	\N	\N	23	\N
271	deleted	{"auto": true, "alert": "none", "assignment_id": 259}	2025-10-26 23:48:03.274439+00	\N	\N	4	\N
272	deleted	{"auto": true, "alert": "none", "assignment_id": 258}	2025-10-26 23:48:03.274999+00	\N	\N	3	\N
273	deleted	{"auto": true, "alert": "critical", "assignment_id": 257}	2025-10-26 23:48:03.27554+00	\N	\N	2	\N
274	deleted	{"auto": true, "alert": "none", "assignment_id": 256}	2025-10-26 23:48:03.276092+00	\N	\N	12	\N
275	deleted	{"auto": true, "alert": "warn", "assignment_id": 255}	2025-10-26 23:48:03.276616+00	\N	\N	11	\N
276	deleted	{"auto": true, "alert": "critical", "assignment_id": 254}	2025-10-26 23:48:03.277157+00	\N	\N	10	\N
277	deleted	{"auto": true, "alert": "none", "assignment_id": 253}	2025-10-26 23:48:03.277718+00	\N	\N	17	\N
278	deleted	{"auto": true, "alert": "critical", "assignment_id": 252}	2025-10-26 23:48:03.278451+00	\N	\N	16	\N
279	deleted	{"auto": true, "alert": "critical", "assignment_id": 251}	2025-10-26 23:48:03.27906+00	\N	\N	9	\N
280	deleted	{"auto": true, "alert": "critical", "assignment_id": 250}	2025-10-26 23:48:03.279579+00	\N	\N	7	\N
281	deleted	{"auto": true, "alert": "critical", "assignment_id": 249}	2025-10-26 23:48:03.280147+00	\N	\N	6	\N
282	deleted	{"auto": true, "alert": "critical", "assignment_id": 248}	2025-10-26 23:48:03.280674+00	\N	\N	8	\N
283	deleted	{"auto": true, "alert": "none", "assignment_id": 247}	2025-10-26 23:48:03.281201+00	\N	\N	5	\N
284	deleted	{"auto": true, "alert": "none", "assignment_id": 246}	2025-10-26 23:48:03.281772+00	\N	\N	1	\N
285	deleted	{"auto": true, "alert": "none", "assignment_id": 245}	2025-10-26 23:48:03.282348+00	\N	\N	23	\N
286	deleted	{"auto": true, "alert": "none", "assignment_id": 244}	2025-10-26 23:48:03.283175+00	\N	\N	4	\N
287	deleted	{"auto": true, "alert": "none", "assignment_id": 243}	2025-10-26 23:48:03.283935+00	\N	\N	3	\N
288	deleted	{"auto": true, "alert": "critical", "assignment_id": 242}	2025-10-26 23:48:03.284499+00	\N	\N	2	\N
289	deleted	{"auto": true, "alert": "none", "assignment_id": 241}	2025-10-26 23:48:03.28506+00	\N	\N	12	\N
290	deleted	{"auto": true, "alert": "warn", "assignment_id": 240}	2025-10-26 23:48:03.285599+00	\N	\N	11	\N
291	deleted	{"auto": true, "alert": "critical", "assignment_id": 239}	2025-10-26 23:48:03.28614+00	\N	\N	10	\N
292	deleted	{"auto": true, "alert": "none", "assignment_id": 238}	2025-10-26 23:48:03.286728+00	\N	\N	17	\N
293	deleted	{"auto": true, "alert": "critical", "assignment_id": 237}	2025-10-26 23:48:03.287497+00	\N	\N	16	\N
294	deleted	{"auto": true, "alert": "critical", "assignment_id": 236}	2025-10-26 23:48:03.288114+00	\N	\N	9	\N
295	deleted	{"auto": true, "alert": "critical", "assignment_id": 235}	2025-10-26 23:48:03.288688+00	\N	\N	7	\N
296	deleted	{"auto": true, "alert": "critical", "assignment_id": 234}	2025-10-26 23:48:03.289253+00	\N	\N	6	\N
297	deleted	{"auto": true, "alert": "critical", "assignment_id": 233}	2025-10-26 23:48:03.289786+00	\N	\N	8	\N
298	deleted	{"auto": true, "alert": "none", "assignment_id": 232}	2025-10-26 23:48:03.290385+00	\N	\N	5	\N
299	deleted	{"auto": true, "alert": "none", "assignment_id": 231}	2025-10-26 23:48:03.291026+00	\N	\N	1	\N
300	deleted	{"auto": true, "alert": "none", "assignment_id": 230}	2025-10-26 23:48:03.291614+00	\N	\N	23	\N
301	deleted	{"auto": true, "alert": "none", "assignment_id": 229}	2025-10-26 23:48:03.292169+00	\N	\N	4	\N
302	deleted	{"auto": true, "alert": "none", "assignment_id": 228}	2025-10-26 23:48:03.292694+00	\N	\N	3	\N
303	deleted	{"auto": true, "alert": "critical", "assignment_id": 227}	2025-10-26 23:48:03.293239+00	\N	\N	2	\N
304	deleted	{"auto": true, "alert": "none", "assignment_id": 226}	2025-10-26 23:48:03.293761+00	\N	\N	12	\N
305	deleted	{"auto": true, "alert": "none", "assignment_id": 225}	2025-10-26 23:48:03.294315+00	\N	\N	11	\N
306	deleted	{"auto": true, "alert": "critical", "assignment_id": 224}	2025-10-26 23:48:03.294907+00	\N	\N	10	\N
307	deleted	{"auto": true, "alert": "none", "assignment_id": 223}	2025-10-26 23:48:03.295468+00	\N	\N	17	\N
308	deleted	{"auto": true, "alert": "critical", "assignment_id": 222}	2025-10-26 23:48:03.296004+00	\N	\N	16	\N
309	deleted	{"auto": true, "alert": "critical", "assignment_id": 221}	2025-10-26 23:48:03.296528+00	\N	\N	9	\N
310	deleted	{"auto": true, "alert": "critical", "assignment_id": 220}	2025-10-26 23:48:03.29705+00	\N	\N	7	\N
311	deleted	{"auto": true, "alert": "critical", "assignment_id": 219}	2025-10-26 23:48:03.297578+00	\N	\N	6	\N
312	deleted	{"auto": true, "alert": "critical", "assignment_id": 218}	2025-10-26 23:48:03.298088+00	\N	\N	8	\N
313	deleted	{"auto": true, "alert": "none", "assignment_id": 217}	2025-10-26 23:48:03.298603+00	\N	\N	5	\N
314	deleted	{"auto": true, "alert": "none", "assignment_id": 216}	2025-10-26 23:48:03.299174+00	\N	\N	1	\N
315	deleted	{"auto": true, "alert": "none", "assignment_id": 215}	2025-10-26 23:48:03.300019+00	\N	\N	23	\N
316	deleted	{"auto": true, "alert": "none", "assignment_id": 214}	2025-10-26 23:48:03.30079+00	\N	\N	4	\N
317	deleted	{"auto": true, "alert": "none", "assignment_id": 213}	2025-10-26 23:48:03.301394+00	\N	\N	3	\N
318	deleted	{"auto": true, "alert": "critical", "assignment_id": 212}	2025-10-26 23:48:03.301946+00	\N	\N	2	\N
319	deleted	{"auto": true, "alert": "none", "assignment_id": 421}	2025-10-27 00:02:38.145327+00	\N	\N	12	\N
320	deleted	{"auto": true, "alert": "warn", "assignment_id": 420}	2025-10-27 00:02:38.147046+00	\N	\N	11	\N
321	deleted	{"auto": true, "alert": "critical", "assignment_id": 419}	2025-10-27 00:02:38.148049+00	\N	\N	10	\N
322	deleted	{"auto": true, "alert": "none", "assignment_id": 418}	2025-10-27 00:02:38.149167+00	\N	\N	17	\N
323	deleted	{"auto": true, "alert": "critical", "assignment_id": 417}	2025-10-27 00:02:38.150093+00	\N	\N	16	\N
324	deleted	{"auto": true, "alert": "critical", "assignment_id": 416}	2025-10-27 00:02:38.150907+00	\N	\N	9	\N
325	deleted	{"auto": true, "alert": "critical", "assignment_id": 415}	2025-10-27 00:02:38.151765+00	\N	\N	7	\N
326	deleted	{"auto": true, "alert": "critical", "assignment_id": 414}	2025-10-27 00:02:38.152463+00	\N	\N	6	\N
327	deleted	{"auto": true, "alert": "critical", "assignment_id": 413}	2025-10-27 00:02:38.153165+00	\N	\N	8	\N
328	deleted	{"auto": true, "alert": "none", "assignment_id": 412}	2025-10-27 00:02:38.153923+00	\N	\N	5	\N
329	deleted	{"auto": true, "alert": "none", "assignment_id": 411}	2025-10-27 00:02:38.154892+00	\N	\N	1	\N
330	deleted	{"auto": true, "alert": "none", "assignment_id": 410}	2025-10-27 00:02:38.155901+00	\N	\N	23	\N
331	deleted	{"auto": true, "alert": "none", "assignment_id": 409}	2025-10-27 00:02:38.156918+00	\N	\N	4	\N
332	deleted	{"auto": true, "alert": "none", "assignment_id": 408}	2025-10-27 00:02:38.157565+00	\N	\N	3	\N
333	deleted	{"auto": true, "alert": "critical", "assignment_id": 407}	2025-10-27 00:02:38.158925+00	\N	\N	2	\N
334	deleted	{"auto": true, "alert": "none", "assignment_id": 406}	2025-10-27 00:02:38.159907+00	\N	\N	12	\N
335	deleted	{"auto": true, "alert": "warn", "assignment_id": 405}	2025-10-27 00:02:38.16062+00	\N	\N	11	\N
336	deleted	{"auto": true, "alert": "critical", "assignment_id": 404}	2025-10-27 00:02:38.16158+00	\N	\N	10	\N
337	deleted	{"auto": true, "alert": "none", "assignment_id": 403}	2025-10-27 00:02:38.162674+00	\N	\N	17	\N
338	deleted	{"auto": true, "alert": "critical", "assignment_id": 402}	2025-10-27 00:02:38.163493+00	\N	\N	16	\N
339	deleted	{"auto": true, "alert": "critical", "assignment_id": 401}	2025-10-27 00:02:38.164276+00	\N	\N	9	\N
340	deleted	{"auto": true, "alert": "critical", "assignment_id": 400}	2025-10-27 00:02:38.165092+00	\N	\N	7	\N
341	deleted	{"auto": true, "alert": "critical", "assignment_id": 399}	2025-10-27 00:02:38.16586+00	\N	\N	6	\N
342	deleted	{"auto": true, "alert": "critical", "assignment_id": 398}	2025-10-27 00:02:38.166544+00	\N	\N	8	\N
343	deleted	{"auto": true, "alert": "none", "assignment_id": 397}	2025-10-27 00:02:38.167142+00	\N	\N	5	\N
344	deleted	{"auto": true, "alert": "none", "assignment_id": 396}	2025-10-27 00:02:38.167965+00	\N	\N	1	\N
345	deleted	{"auto": true, "alert": "none", "assignment_id": 395}	2025-10-27 00:02:38.169332+00	\N	\N	23	\N
346	deleted	{"auto": true, "alert": "none", "assignment_id": 394}	2025-10-27 00:02:38.169884+00	\N	\N	4	\N
347	deleted	{"auto": true, "alert": "none", "assignment_id": 393}	2025-10-27 00:02:38.170675+00	\N	\N	3	\N
348	deleted	{"auto": true, "alert": "critical", "assignment_id": 392}	2025-10-27 00:02:38.171504+00	\N	\N	2	\N
349	deleted	{"auto": true, "alert": "none", "assignment_id": 391}	2025-10-27 00:02:38.172173+00	\N	\N	12	\N
350	deleted	{"auto": true, "alert": "warn", "assignment_id": 390}	2025-10-27 00:02:38.172923+00	\N	\N	11	\N
351	deleted	{"auto": true, "alert": "critical", "assignment_id": 389}	2025-10-27 00:02:38.173693+00	\N	\N	10	\N
352	deleted	{"auto": true, "alert": "none", "assignment_id": 388}	2025-10-27 00:02:38.17426+00	\N	\N	17	\N
353	deleted	{"auto": true, "alert": "critical", "assignment_id": 387}	2025-10-27 00:02:38.174812+00	\N	\N	16	\N
354	deleted	{"auto": true, "alert": "critical", "assignment_id": 386}	2025-10-27 00:02:38.175514+00	\N	\N	9	\N
355	deleted	{"auto": true, "alert": "critical", "assignment_id": 385}	2025-10-27 00:02:38.176253+00	\N	\N	7	\N
356	deleted	{"auto": true, "alert": "critical", "assignment_id": 384}	2025-10-27 00:02:38.176977+00	\N	\N	6	\N
357	deleted	{"auto": true, "alert": "critical", "assignment_id": 383}	2025-10-27 00:02:38.177504+00	\N	\N	8	\N
358	deleted	{"auto": true, "alert": "none", "assignment_id": 382}	2025-10-27 00:02:38.178025+00	\N	\N	5	\N
359	deleted	{"auto": true, "alert": "none", "assignment_id": 381}	2025-10-27 00:02:38.178618+00	\N	\N	1	\N
360	deleted	{"auto": true, "alert": "none", "assignment_id": 380}	2025-10-27 00:02:38.179396+00	\N	\N	23	\N
361	deleted	{"auto": true, "alert": "none", "assignment_id": 379}	2025-10-27 00:02:38.180095+00	\N	\N	4	\N
362	deleted	{"auto": true, "alert": "none", "assignment_id": 378}	2025-10-27 00:02:38.18064+00	\N	\N	3	\N
363	deleted	{"auto": true, "alert": "critical", "assignment_id": 377}	2025-10-27 00:02:38.181412+00	\N	\N	2	\N
364	deleted	{"auto": true, "alert": "none", "assignment_id": 376}	2025-10-27 00:02:38.182107+00	\N	\N	12	\N
365	deleted	{"auto": true, "alert": "warn", "assignment_id": 375}	2025-10-27 00:02:38.182779+00	\N	\N	11	\N
366	deleted	{"auto": true, "alert": "critical", "assignment_id": 374}	2025-10-27 00:02:38.183526+00	\N	\N	10	\N
367	deleted	{"auto": true, "alert": "none", "assignment_id": 373}	2025-10-27 00:02:38.184258+00	\N	\N	17	\N
368	deleted	{"auto": true, "alert": "critical", "assignment_id": 372}	2025-10-27 00:02:38.184851+00	\N	\N	16	\N
369	deleted	{"auto": true, "alert": "critical", "assignment_id": 371}	2025-10-27 00:02:38.18556+00	\N	\N	9	\N
370	deleted	{"auto": true, "alert": "critical", "assignment_id": 370}	2025-10-27 00:02:38.186126+00	\N	\N	7	\N
371	deleted	{"auto": true, "alert": "critical", "assignment_id": 369}	2025-10-27 00:02:38.186642+00	\N	\N	6	\N
372	deleted	{"auto": true, "alert": "critical", "assignment_id": 368}	2025-10-27 00:02:38.187316+00	\N	\N	8	\N
373	deleted	{"auto": true, "alert": "none", "assignment_id": 367}	2025-10-27 00:02:38.188159+00	\N	\N	5	\N
374	deleted	{"auto": true, "alert": "none", "assignment_id": 366}	2025-10-27 00:02:38.188996+00	\N	\N	1	\N
375	deleted	{"auto": true, "alert": "none", "assignment_id": 365}	2025-10-27 00:02:38.189834+00	\N	\N	23	\N
376	deleted	{"auto": true, "alert": "none", "assignment_id": 364}	2025-10-27 00:02:38.190447+00	\N	\N	4	\N
377	deleted	{"auto": true, "alert": "none", "assignment_id": 363}	2025-10-27 00:02:38.191242+00	\N	\N	3	\N
378	deleted	{"auto": true, "alert": "critical", "assignment_id": 362}	2025-10-27 00:02:38.191855+00	\N	\N	2	\N
379	deleted	{"auto": true, "alert": "none", "assignment_id": 361}	2025-10-27 00:02:38.192452+00	\N	\N	12	\N
380	deleted	{"auto": true, "alert": "warn", "assignment_id": 360}	2025-10-27 00:02:38.193055+00	\N	\N	11	\N
381	deleted	{"auto": true, "alert": "critical", "assignment_id": 359}	2025-10-27 00:02:38.193606+00	\N	\N	10	\N
382	deleted	{"auto": true, "alert": "none", "assignment_id": 358}	2025-10-27 00:02:38.194152+00	\N	\N	17	\N
383	deleted	{"auto": true, "alert": "critical", "assignment_id": 357}	2025-10-27 00:02:38.194691+00	\N	\N	16	\N
384	deleted	{"auto": true, "alert": "critical", "assignment_id": 356}	2025-10-27 00:02:38.195331+00	\N	\N	9	\N
385	deleted	{"auto": true, "alert": "critical", "assignment_id": 355}	2025-10-27 00:02:38.195991+00	\N	\N	7	\N
386	deleted	{"auto": true, "alert": "critical", "assignment_id": 354}	2025-10-27 00:02:38.19651+00	\N	\N	6	\N
387	deleted	{"auto": true, "alert": "critical", "assignment_id": 353}	2025-10-27 00:02:38.197061+00	\N	\N	8	\N
388	deleted	{"auto": true, "alert": "none", "assignment_id": 352}	2025-10-27 00:02:38.197886+00	\N	\N	5	\N
389	deleted	{"auto": true, "alert": "none", "assignment_id": 351}	2025-10-27 00:02:38.198571+00	\N	\N	1	\N
390	deleted	{"auto": true, "alert": "none", "assignment_id": 350}	2025-10-27 00:02:38.19918+00	\N	\N	23	\N
391	deleted	{"auto": true, "alert": "none", "assignment_id": 349}	2025-10-27 00:02:38.199848+00	\N	\N	4	\N
392	deleted	{"auto": true, "alert": "none", "assignment_id": 348}	2025-10-27 00:02:38.20049+00	\N	\N	3	\N
393	deleted	{"auto": true, "alert": "critical", "assignment_id": 347}	2025-10-27 00:02:38.201076+00	\N	\N	2	\N
394	deleted	{"auto": true, "alert": "none", "assignment_id": 346}	2025-10-27 00:02:38.201593+00	\N	\N	12	\N
395	deleted	{"auto": true, "alert": "warn", "assignment_id": 345}	2025-10-27 00:02:38.202168+00	\N	\N	11	\N
396	deleted	{"auto": true, "alert": "critical", "assignment_id": 344}	2025-10-27 00:02:38.202923+00	\N	\N	10	\N
397	deleted	{"auto": true, "alert": "none", "assignment_id": 343}	2025-10-27 00:02:38.203584+00	\N	\N	17	\N
398	deleted	{"auto": true, "alert": "critical", "assignment_id": 342}	2025-10-27 00:02:38.204306+00	\N	\N	16	\N
399	deleted	{"auto": true, "alert": "critical", "assignment_id": 341}	2025-10-27 00:02:38.205128+00	\N	\N	9	\N
400	deleted	{"auto": true, "alert": "critical", "assignment_id": 340}	2025-10-27 00:02:38.205928+00	\N	\N	7	\N
401	deleted	{"auto": true, "alert": "critical", "assignment_id": 339}	2025-10-27 00:02:38.206487+00	\N	\N	6	\N
402	deleted	{"auto": true, "alert": "critical", "assignment_id": 338}	2025-10-27 00:02:38.207241+00	\N	\N	8	\N
403	deleted	{"auto": true, "alert": "none", "assignment_id": 337}	2025-10-27 00:02:38.207968+00	\N	\N	5	\N
404	deleted	{"auto": true, "alert": "none", "assignment_id": 336}	2025-10-27 00:02:38.208689+00	\N	\N	1	\N
405	deleted	{"auto": true, "alert": "none", "assignment_id": 335}	2025-10-27 00:02:38.209473+00	\N	\N	23	\N
406	deleted	{"auto": true, "alert": "none", "assignment_id": 334}	2025-10-27 00:02:38.210142+00	\N	\N	4	\N
407	deleted	{"auto": true, "alert": "none", "assignment_id": 333}	2025-10-27 00:02:38.211227+00	\N	\N	3	\N
408	deleted	{"auto": true, "alert": "critical", "assignment_id": 332}	2025-10-27 00:02:38.211983+00	\N	\N	2	\N
409	deleted	{"auto": true, "alert": "none", "assignment_id": 331}	2025-10-27 00:02:38.212706+00	\N	\N	12	\N
410	deleted	{"auto": true, "alert": "none", "assignment_id": 330}	2025-10-27 00:02:38.213472+00	\N	\N	11	\N
411	deleted	{"auto": true, "alert": "critical", "assignment_id": 329}	2025-10-27 00:02:38.214216+00	\N	\N	10	\N
412	deleted	{"auto": true, "alert": "none", "assignment_id": 328}	2025-10-27 00:02:38.214993+00	\N	\N	17	\N
413	deleted	{"auto": true, "alert": "critical", "assignment_id": 327}	2025-10-27 00:02:38.215729+00	\N	\N	16	\N
414	deleted	{"auto": true, "alert": "critical", "assignment_id": 326}	2025-10-27 00:02:38.216332+00	\N	\N	9	\N
415	deleted	{"auto": true, "alert": "critical", "assignment_id": 325}	2025-10-27 00:02:38.216993+00	\N	\N	7	\N
416	deleted	{"auto": true, "alert": "critical", "assignment_id": 324}	2025-10-27 00:02:38.217584+00	\N	\N	6	\N
417	deleted	{"auto": true, "alert": "critical", "assignment_id": 323}	2025-10-27 00:02:38.218313+00	\N	\N	8	\N
418	deleted	{"auto": true, "alert": "none", "assignment_id": 322}	2025-10-27 00:02:38.219017+00	\N	\N	5	\N
419	deleted	{"auto": true, "alert": "none", "assignment_id": 321}	2025-10-27 00:02:38.219745+00	\N	\N	1	\N
420	deleted	{"auto": true, "alert": "none", "assignment_id": 320}	2025-10-27 00:02:38.220401+00	\N	\N	23	\N
421	deleted	{"auto": true, "alert": "none", "assignment_id": 319}	2025-10-27 00:02:38.220955+00	\N	\N	4	\N
422	deleted	{"auto": true, "alert": "none", "assignment_id": 318}	2025-10-27 00:02:38.221468+00	\N	\N	3	\N
423	deleted	{"auto": true, "alert": "critical", "assignment_id": 317}	2025-10-27 00:02:38.222236+00	\N	\N	2	\N
424	deleted	{"auto": true, "alert": "critical", "assignment_id": 512}	2025-10-27 00:20:08.580686+00	\N	\N	20	\N
425	deleted	{"auto": true, "alert": "none", "assignment_id": 511}	2025-10-27 00:20:08.582065+00	\N	\N	17	\N
426	deleted	{"auto": true, "alert": "critical", "assignment_id": 510}	2025-10-27 00:20:08.582777+00	\N	\N	9	\N
427	deleted	{"auto": true, "alert": "warn", "assignment_id": 509}	2025-10-27 00:20:08.583464+00	\N	\N	16	\N
428	deleted	{"auto": true, "alert": "critical", "assignment_id": 508}	2025-10-27 00:20:08.584516+00	\N	\N	7	\N
429	deleted	{"auto": true, "alert": "warn", "assignment_id": 507}	2025-10-27 00:20:08.585181+00	\N	\N	6	\N
430	deleted	{"auto": true, "alert": "critical", "assignment_id": 506}	2025-10-27 00:20:08.585771+00	\N	\N	18	\N
431	deleted	{"auto": true, "alert": "none", "assignment_id": 505}	2025-10-27 00:20:08.586403+00	\N	\N	5	\N
432	deleted	{"auto": true, "alert": "none", "assignment_id": 504}	2025-10-27 00:20:08.587057+00	\N	\N	14	\N
433	deleted	{"auto": true, "alert": "warn", "assignment_id": 503}	2025-10-27 00:20:08.587684+00	\N	\N	22	\N
434	deleted	{"auto": true, "alert": "none", "assignment_id": 502}	2025-10-27 00:20:08.588293+00	\N	\N	4	\N
435	deleted	{"auto": true, "alert": "none", "assignment_id": 501}	2025-10-27 00:20:08.588897+00	\N	\N	3	\N
436	deleted	{"auto": true, "alert": "none", "assignment_id": 500}	2025-10-27 00:20:08.589759+00	\N	\N	2	\N
437	deleted	{"auto": true, "alert": "critical", "assignment_id": 499}	2025-10-27 00:20:08.590772+00	\N	\N	20	\N
438	deleted	{"auto": true, "alert": "none", "assignment_id": 498}	2025-10-27 00:20:08.591529+00	\N	\N	17	\N
439	deleted	{"auto": true, "alert": "critical", "assignment_id": 497}	2025-10-27 00:20:08.59215+00	\N	\N	9	\N
440	deleted	{"auto": true, "alert": "warn", "assignment_id": 496}	2025-10-27 00:20:08.592996+00	\N	\N	16	\N
441	deleted	{"auto": true, "alert": "critical", "assignment_id": 495}	2025-10-27 00:20:08.59387+00	\N	\N	7	\N
442	deleted	{"auto": true, "alert": "warn", "assignment_id": 494}	2025-10-27 00:20:08.594692+00	\N	\N	6	\N
443	deleted	{"auto": true, "alert": "critical", "assignment_id": 493}	2025-10-27 00:20:08.595468+00	\N	\N	18	\N
444	deleted	{"auto": true, "alert": "none", "assignment_id": 492}	2025-10-27 00:20:08.596283+00	\N	\N	5	\N
445	deleted	{"auto": true, "alert": "none", "assignment_id": 491}	2025-10-27 00:20:08.597051+00	\N	\N	14	\N
446	deleted	{"auto": true, "alert": "warn", "assignment_id": 490}	2025-10-27 00:20:08.597809+00	\N	\N	22	\N
447	deleted	{"auto": true, "alert": "none", "assignment_id": 489}	2025-10-27 00:20:08.598497+00	\N	\N	4	\N
448	deleted	{"auto": true, "alert": "none", "assignment_id": 488}	2025-10-27 00:20:08.599213+00	\N	\N	3	\N
449	deleted	{"auto": true, "alert": "none", "assignment_id": 487}	2025-10-27 00:20:08.599836+00	\N	\N	2	\N
450	deleted	{"auto": true, "alert": "critical", "assignment_id": 486}	2025-10-27 00:20:08.600462+00	\N	\N	20	\N
451	deleted	{"auto": true, "alert": "none", "assignment_id": 485}	2025-10-27 00:20:08.601121+00	\N	\N	17	\N
452	deleted	{"auto": true, "alert": "critical", "assignment_id": 484}	2025-10-27 00:20:08.601725+00	\N	\N	9	\N
453	deleted	{"auto": true, "alert": "warn", "assignment_id": 483}	2025-10-27 00:20:08.602327+00	\N	\N	16	\N
454	deleted	{"auto": true, "alert": "critical", "assignment_id": 482}	2025-10-27 00:20:08.602912+00	\N	\N	7	\N
455	deleted	{"auto": true, "alert": "warn", "assignment_id": 481}	2025-10-27 00:20:08.603476+00	\N	\N	6	\N
456	deleted	{"auto": true, "alert": "critical", "assignment_id": 480}	2025-10-27 00:20:08.604146+00	\N	\N	18	\N
457	deleted	{"auto": true, "alert": "none", "assignment_id": 479}	2025-10-27 00:20:08.604758+00	\N	\N	5	\N
458	deleted	{"auto": true, "alert": "none", "assignment_id": 478}	2025-10-27 00:20:08.605387+00	\N	\N	14	\N
459	deleted	{"auto": true, "alert": "warn", "assignment_id": 477}	2025-10-27 00:20:08.606021+00	\N	\N	22	\N
460	deleted	{"auto": true, "alert": "none", "assignment_id": 476}	2025-10-27 00:20:08.607063+00	\N	\N	4	\N
461	deleted	{"auto": true, "alert": "none", "assignment_id": 475}	2025-10-27 00:20:08.607755+00	\N	\N	3	\N
462	deleted	{"auto": true, "alert": "none", "assignment_id": 474}	2025-10-27 00:20:08.608385+00	\N	\N	2	\N
463	deleted	{"auto": true, "alert": "critical", "assignment_id": 473}	2025-10-27 00:20:08.608931+00	\N	\N	20	\N
464	deleted	{"auto": true, "alert": "none", "assignment_id": 472}	2025-10-27 00:20:08.60959+00	\N	\N	17	\N
465	deleted	{"auto": true, "alert": "critical", "assignment_id": 471}	2025-10-27 00:20:08.610182+00	\N	\N	9	\N
466	deleted	{"auto": true, "alert": "warn", "assignment_id": 470}	2025-10-27 00:20:08.610749+00	\N	\N	16	\N
467	deleted	{"auto": true, "alert": "critical", "assignment_id": 469}	2025-10-27 00:20:08.611345+00	\N	\N	7	\N
468	deleted	{"auto": true, "alert": "warn", "assignment_id": 468}	2025-10-27 00:20:08.611923+00	\N	\N	6	\N
469	deleted	{"auto": true, "alert": "critical", "assignment_id": 467}	2025-10-27 00:20:08.612546+00	\N	\N	18	\N
470	deleted	{"auto": true, "alert": "none", "assignment_id": 466}	2025-10-27 00:20:08.613144+00	\N	\N	5	\N
471	deleted	{"auto": true, "alert": "none", "assignment_id": 465}	2025-10-27 00:20:08.613711+00	\N	\N	14	\N
472	deleted	{"auto": true, "alert": "warn", "assignment_id": 464}	2025-10-27 00:20:08.614315+00	\N	\N	22	\N
473	deleted	{"auto": true, "alert": "none", "assignment_id": 463}	2025-10-27 00:20:08.614998+00	\N	\N	4	\N
474	deleted	{"auto": true, "alert": "none", "assignment_id": 462}	2025-10-27 00:20:08.615963+00	\N	\N	3	\N
475	deleted	{"auto": true, "alert": "none", "assignment_id": 461}	2025-10-27 00:20:08.616622+00	\N	\N	2	\N
476	deleted	{"auto": true, "alert": "critical", "assignment_id": 460}	2025-10-27 00:20:08.617269+00	\N	\N	20	\N
477	deleted	{"auto": true, "alert": "none", "assignment_id": 459}	2025-10-27 00:20:08.618015+00	\N	\N	17	\N
478	deleted	{"auto": true, "alert": "critical", "assignment_id": 458}	2025-10-27 00:20:08.618645+00	\N	\N	9	\N
479	deleted	{"auto": true, "alert": "warn", "assignment_id": 457}	2025-10-27 00:20:08.619242+00	\N	\N	16	\N
480	deleted	{"auto": true, "alert": "critical", "assignment_id": 456}	2025-10-27 00:20:08.619798+00	\N	\N	7	\N
481	deleted	{"auto": true, "alert": "warn", "assignment_id": 455}	2025-10-27 00:20:08.620355+00	\N	\N	6	\N
482	deleted	{"auto": true, "alert": "critical", "assignment_id": 454}	2025-10-27 00:20:08.620886+00	\N	\N	18	\N
483	deleted	{"auto": true, "alert": "none", "assignment_id": 453}	2025-10-27 00:20:08.621423+00	\N	\N	5	\N
484	deleted	{"auto": true, "alert": "none", "assignment_id": 452}	2025-10-27 00:20:08.622003+00	\N	\N	14	\N
485	deleted	{"auto": true, "alert": "warn", "assignment_id": 451}	2025-10-27 00:20:08.622619+00	\N	\N	22	\N
486	deleted	{"auto": true, "alert": "none", "assignment_id": 450}	2025-10-27 00:20:08.623184+00	\N	\N	4	\N
487	deleted	{"auto": true, "alert": "none", "assignment_id": 449}	2025-10-27 00:20:08.623934+00	\N	\N	3	\N
488	deleted	{"auto": true, "alert": "none", "assignment_id": 448}	2025-10-27 00:20:08.624797+00	\N	\N	2	\N
489	deleted	{"auto": true, "alert": "critical", "assignment_id": 447}	2025-10-27 00:20:08.625557+00	\N	\N	20	\N
490	deleted	{"auto": true, "alert": "none", "assignment_id": 446}	2025-10-27 00:20:08.626379+00	\N	\N	17	\N
491	deleted	{"auto": true, "alert": "critical", "assignment_id": 445}	2025-10-27 00:20:08.62709+00	\N	\N	9	\N
492	deleted	{"auto": true, "alert": "warn", "assignment_id": 444}	2025-10-27 00:20:08.627631+00	\N	\N	16	\N
493	deleted	{"auto": true, "alert": "critical", "assignment_id": 443}	2025-10-27 00:20:08.628188+00	\N	\N	7	\N
494	deleted	{"auto": true, "alert": "warn", "assignment_id": 442}	2025-10-27 00:20:08.628952+00	\N	\N	6	\N
495	deleted	{"auto": true, "alert": "critical", "assignment_id": 441}	2025-10-27 00:20:08.629665+00	\N	\N	18	\N
496	deleted	{"auto": true, "alert": "none", "assignment_id": 440}	2025-10-27 00:20:08.630473+00	\N	\N	5	\N
497	deleted	{"auto": true, "alert": "none", "assignment_id": 439}	2025-10-27 00:20:08.631281+00	\N	\N	14	\N
498	deleted	{"auto": true, "alert": "warn", "assignment_id": 438}	2025-10-27 00:20:08.632269+00	\N	\N	22	\N
499	deleted	{"auto": true, "alert": "none", "assignment_id": 437}	2025-10-27 00:20:08.63307+00	\N	\N	4	\N
500	deleted	{"auto": true, "alert": "none", "assignment_id": 436}	2025-10-27 00:20:08.633821+00	\N	\N	3	\N
501	deleted	{"auto": true, "alert": "none", "assignment_id": 435}	2025-10-27 00:20:08.634483+00	\N	\N	2	\N
502	deleted	{"auto": true, "alert": "critical", "assignment_id": 434}	2025-10-27 00:20:08.63515+00	\N	\N	20	\N
503	deleted	{"auto": true, "alert": "none", "assignment_id": 433}	2025-10-27 00:20:08.635821+00	\N	\N	17	\N
504	deleted	{"auto": true, "alert": "critical", "assignment_id": 432}	2025-10-27 00:20:08.636516+00	\N	\N	9	\N
505	deleted	{"auto": true, "alert": "warn", "assignment_id": 431}	2025-10-27 00:20:08.637127+00	\N	\N	16	\N
506	deleted	{"auto": true, "alert": "critical", "assignment_id": 430}	2025-10-27 00:20:08.637726+00	\N	\N	7	\N
507	deleted	{"auto": true, "alert": "warn", "assignment_id": 429}	2025-10-27 00:20:08.63833+00	\N	\N	6	\N
508	deleted	{"auto": true, "alert": "critical", "assignment_id": 428}	2025-10-27 00:20:08.638884+00	\N	\N	18	\N
509	deleted	{"auto": true, "alert": "none", "assignment_id": 427}	2025-10-27 00:20:08.639485+00	\N	\N	5	\N
510	deleted	{"auto": true, "alert": "none", "assignment_id": 426}	2025-10-27 00:20:08.640052+00	\N	\N	14	\N
511	deleted	{"auto": true, "alert": "warn", "assignment_id": 425}	2025-10-27 00:20:08.640616+00	\N	\N	22	\N
512	deleted	{"auto": true, "alert": "none", "assignment_id": 424}	2025-10-27 00:20:08.641272+00	\N	\N	4	\N
513	deleted	{"auto": true, "alert": "none", "assignment_id": 423}	2025-10-27 00:20:08.641909+00	\N	\N	3	\N
514	deleted	{"auto": true, "alert": "none", "assignment_id": 422}	2025-10-27 00:20:08.642792+00	\N	\N	2	\N
515	deleted	{"auto": true, "alert": "warn", "assignment_id": 610}	2025-10-27 07:41:56.626726+00	\N	\N	20	\N
516	deleted	{"auto": true, "alert": "none", "assignment_id": 609}	2025-10-27 07:41:56.628441+00	\N	\N	17	\N
517	deleted	{"auto": true, "alert": "none", "assignment_id": 608}	2025-10-27 07:41:56.62951+00	\N	\N	16	\N
518	deleted	{"auto": true, "alert": "warn", "assignment_id": 607}	2025-10-27 07:41:56.630423+00	\N	\N	9	\N
519	deleted	{"auto": true, "alert": "none", "assignment_id": 606}	2025-10-27 07:41:56.631259+00	\N	\N	7	\N
520	deleted	{"auto": true, "alert": "none", "assignment_id": 605}	2025-10-27 07:41:56.632153+00	\N	\N	6	\N
521	deleted	{"auto": true, "alert": "warn", "assignment_id": 604}	2025-10-27 07:41:56.632931+00	\N	\N	18	\N
522	deleted	{"auto": true, "alert": "none", "assignment_id": 603}	2025-10-27 07:41:56.634977+00	\N	\N	5	\N
523	deleted	{"auto": true, "alert": "none", "assignment_id": 602}	2025-10-27 07:41:56.636149+00	\N	\N	14	\N
524	deleted	{"auto": true, "alert": "warn", "assignment_id": 601}	2025-10-27 07:41:56.637094+00	\N	\N	22	\N
525	deleted	{"auto": true, "alert": "none", "assignment_id": 600}	2025-10-27 07:41:56.637996+00	\N	\N	4	\N
526	deleted	{"auto": true, "alert": "none", "assignment_id": 599}	2025-10-27 07:41:56.638889+00	\N	\N	3	\N
527	deleted	{"auto": true, "alert": "none", "assignment_id": 598}	2025-10-27 07:41:56.639612+00	\N	\N	2	\N
528	deleted	{"auto": true, "alert": "none", "assignment_id": 597}	2025-10-27 07:41:56.640681+00	\N	\N	23	\N
529	deleted	{"auto": true, "alert": "warn", "assignment_id": 596}	2025-10-27 07:41:56.641665+00	\N	\N	20	\N
530	deleted	{"auto": true, "alert": "none", "assignment_id": 595}	2025-10-27 07:41:56.642612+00	\N	\N	17	\N
531	deleted	{"auto": true, "alert": "none", "assignment_id": 594}	2025-10-27 07:41:56.643289+00	\N	\N	16	\N
532	deleted	{"auto": true, "alert": "warn", "assignment_id": 593}	2025-10-27 07:41:56.644278+00	\N	\N	9	\N
533	deleted	{"auto": true, "alert": "none", "assignment_id": 592}	2025-10-27 07:41:56.64526+00	\N	\N	7	\N
534	deleted	{"auto": true, "alert": "none", "assignment_id": 591}	2025-10-27 07:41:56.646135+00	\N	\N	6	\N
535	deleted	{"auto": true, "alert": "warn", "assignment_id": 590}	2025-10-27 07:41:56.64704+00	\N	\N	18	\N
536	deleted	{"auto": true, "alert": "none", "assignment_id": 589}	2025-10-27 07:41:56.647949+00	\N	\N	5	\N
537	deleted	{"auto": true, "alert": "none", "assignment_id": 588}	2025-10-27 07:41:56.648634+00	\N	\N	14	\N
538	deleted	{"auto": true, "alert": "warn", "assignment_id": 587}	2025-10-27 07:41:56.649204+00	\N	\N	22	\N
539	deleted	{"auto": true, "alert": "none", "assignment_id": 586}	2025-10-27 07:41:56.650124+00	\N	\N	4	\N
540	deleted	{"auto": true, "alert": "none", "assignment_id": 585}	2025-10-27 07:41:56.651059+00	\N	\N	3	\N
541	deleted	{"auto": true, "alert": "none", "assignment_id": 584}	2025-10-27 07:41:56.651751+00	\N	\N	2	\N
542	deleted	{"auto": true, "alert": "none", "assignment_id": 583}	2025-10-27 07:41:56.65237+00	\N	\N	23	\N
543	deleted	{"auto": true, "alert": "warn", "assignment_id": 582}	2025-10-27 07:41:56.653129+00	\N	\N	20	\N
544	deleted	{"auto": true, "alert": "none", "assignment_id": 581}	2025-10-27 07:41:56.654229+00	\N	\N	17	\N
545	deleted	{"auto": true, "alert": "none", "assignment_id": 580}	2025-10-27 07:41:56.655139+00	\N	\N	16	\N
546	deleted	{"auto": true, "alert": "warn", "assignment_id": 579}	2025-10-27 07:41:56.655849+00	\N	\N	9	\N
547	deleted	{"auto": true, "alert": "none", "assignment_id": 578}	2025-10-27 07:41:56.656692+00	\N	\N	7	\N
548	deleted	{"auto": true, "alert": "none", "assignment_id": 577}	2025-10-27 07:41:56.657407+00	\N	\N	6	\N
549	deleted	{"auto": true, "alert": "warn", "assignment_id": 576}	2025-10-27 07:41:56.658137+00	\N	\N	18	\N
550	deleted	{"auto": true, "alert": "none", "assignment_id": 575}	2025-10-27 07:41:56.659492+00	\N	\N	5	\N
551	deleted	{"auto": true, "alert": "none", "assignment_id": 574}	2025-10-27 07:41:56.660542+00	\N	\N	14	\N
552	deleted	{"auto": true, "alert": "warn", "assignment_id": 573}	2025-10-27 07:41:56.661517+00	\N	\N	22	\N
553	deleted	{"auto": true, "alert": "none", "assignment_id": 572}	2025-10-27 07:41:56.662483+00	\N	\N	4	\N
554	deleted	{"auto": true, "alert": "none", "assignment_id": 571}	2025-10-27 07:41:56.663268+00	\N	\N	3	\N
555	deleted	{"auto": true, "alert": "none", "assignment_id": 570}	2025-10-27 07:41:56.664178+00	\N	\N	2	\N
556	deleted	{"auto": true, "alert": "none", "assignment_id": 569}	2025-10-27 07:41:56.664993+00	\N	\N	23	\N
557	deleted	{"auto": true, "alert": "warn", "assignment_id": 568}	2025-10-27 07:41:56.665716+00	\N	\N	20	\N
558	deleted	{"auto": true, "alert": "none", "assignment_id": 567}	2025-10-27 07:41:56.666367+00	\N	\N	17	\N
559	deleted	{"auto": true, "alert": "none", "assignment_id": 566}	2025-10-27 07:41:56.667042+00	\N	\N	16	\N
560	deleted	{"auto": true, "alert": "warn", "assignment_id": 565}	2025-10-27 07:41:56.668032+00	\N	\N	9	\N
561	deleted	{"auto": true, "alert": "none", "assignment_id": 564}	2025-10-27 07:41:56.668772+00	\N	\N	7	\N
562	deleted	{"auto": true, "alert": "none", "assignment_id": 563}	2025-10-27 07:41:56.669461+00	\N	\N	6	\N
563	deleted	{"auto": true, "alert": "warn", "assignment_id": 562}	2025-10-27 07:41:56.670181+00	\N	\N	18	\N
564	deleted	{"auto": true, "alert": "none", "assignment_id": 561}	2025-10-27 07:41:56.671211+00	\N	\N	5	\N
565	deleted	{"auto": true, "alert": "none", "assignment_id": 560}	2025-10-27 07:41:56.672173+00	\N	\N	14	\N
566	deleted	{"auto": true, "alert": "warn", "assignment_id": 559}	2025-10-27 07:41:56.672874+00	\N	\N	22	\N
567	deleted	{"auto": true, "alert": "none", "assignment_id": 558}	2025-10-27 07:41:56.673759+00	\N	\N	4	\N
568	deleted	{"auto": true, "alert": "none", "assignment_id": 557}	2025-10-27 07:41:56.674642+00	\N	\N	3	\N
569	deleted	{"auto": true, "alert": "none", "assignment_id": 556}	2025-10-27 07:41:56.675465+00	\N	\N	2	\N
570	deleted	{"auto": true, "alert": "none", "assignment_id": 555}	2025-10-27 07:41:56.676481+00	\N	\N	23	\N
571	deleted	{"auto": true, "alert": "warn", "assignment_id": 554}	2025-10-27 07:41:56.677347+00	\N	\N	20	\N
572	deleted	{"auto": true, "alert": "none", "assignment_id": 553}	2025-10-27 07:41:56.678206+00	\N	\N	17	\N
573	deleted	{"auto": true, "alert": "none", "assignment_id": 552}	2025-10-27 07:41:56.679383+00	\N	\N	16	\N
574	deleted	{"auto": true, "alert": "warn", "assignment_id": 551}	2025-10-27 07:41:56.681653+00	\N	\N	9	\N
575	deleted	{"auto": true, "alert": "none", "assignment_id": 550}	2025-10-27 07:41:56.682713+00	\N	\N	7	\N
576	deleted	{"auto": true, "alert": "none", "assignment_id": 549}	2025-10-27 07:41:56.68439+00	\N	\N	6	\N
577	deleted	{"auto": true, "alert": "warn", "assignment_id": 548}	2025-10-27 07:41:56.685252+00	\N	\N	18	\N
578	deleted	{"auto": true, "alert": "none", "assignment_id": 547}	2025-10-27 07:41:56.6864+00	\N	\N	5	\N
579	deleted	{"auto": true, "alert": "none", "assignment_id": 546}	2025-10-27 07:41:56.687284+00	\N	\N	14	\N
580	deleted	{"auto": true, "alert": "warn", "assignment_id": 545}	2025-10-27 07:41:56.688111+00	\N	\N	22	\N
581	deleted	{"auto": true, "alert": "none", "assignment_id": 544}	2025-10-27 07:41:56.688973+00	\N	\N	4	\N
582	deleted	{"auto": true, "alert": "none", "assignment_id": 543}	2025-10-27 07:41:56.689683+00	\N	\N	3	\N
583	deleted	{"auto": true, "alert": "none", "assignment_id": 542}	2025-10-27 07:41:56.690339+00	\N	\N	2	\N
584	deleted	{"auto": true, "alert": "none", "assignment_id": 541}	2025-10-27 07:41:56.691099+00	\N	\N	23	\N
585	deleted	{"auto": true, "alert": "warn", "assignment_id": 540}	2025-10-27 07:41:56.691782+00	\N	\N	20	\N
586	deleted	{"auto": true, "alert": "none", "assignment_id": 539}	2025-10-27 07:41:56.692545+00	\N	\N	17	\N
587	deleted	{"auto": true, "alert": "none", "assignment_id": 538}	2025-10-27 07:41:56.69317+00	\N	\N	16	\N
588	deleted	{"auto": true, "alert": "warn", "assignment_id": 537}	2025-10-27 07:41:56.693991+00	\N	\N	9	\N
589	deleted	{"auto": true, "alert": "none", "assignment_id": 536}	2025-10-27 07:41:56.694729+00	\N	\N	7	\N
590	deleted	{"auto": true, "alert": "none", "assignment_id": 535}	2025-10-27 07:41:56.69551+00	\N	\N	6	\N
591	deleted	{"auto": true, "alert": "warn", "assignment_id": 534}	2025-10-27 07:41:56.69623+00	\N	\N	18	\N
592	deleted	{"auto": true, "alert": "none", "assignment_id": 533}	2025-10-27 07:41:56.696968+00	\N	\N	5	\N
593	deleted	{"auto": true, "alert": "none", "assignment_id": 532}	2025-10-27 07:41:56.697572+00	\N	\N	14	\N
594	deleted	{"auto": true, "alert": "warn", "assignment_id": 531}	2025-10-27 07:41:56.698293+00	\N	\N	22	\N
595	deleted	{"auto": true, "alert": "none", "assignment_id": 530}	2025-10-27 07:41:56.699086+00	\N	\N	4	\N
596	deleted	{"auto": true, "alert": "none", "assignment_id": 529}	2025-10-27 07:41:56.699939+00	\N	\N	3	\N
597	deleted	{"auto": true, "alert": "none", "assignment_id": 528}	2025-10-27 07:41:56.700661+00	\N	\N	2	\N
598	deleted	{"auto": true, "alert": "none", "assignment_id": 527}	2025-10-27 07:41:56.701363+00	\N	\N	23	\N
599	deleted	{"auto": true, "alert": "none", "assignment_id": 526}	2025-10-27 07:41:56.701967+00	\N	\N	20	\N
600	deleted	{"auto": true, "alert": "none", "assignment_id": 525}	2025-10-27 07:41:56.702556+00	\N	\N	17	\N
601	deleted	{"auto": true, "alert": "none", "assignment_id": 524}	2025-10-27 07:41:56.703271+00	\N	\N	16	\N
602	deleted	{"auto": true, "alert": "none", "assignment_id": 523}	2025-10-27 07:41:56.704035+00	\N	\N	9	\N
603	deleted	{"auto": true, "alert": "none", "assignment_id": 522}	2025-10-27 07:41:56.704825+00	\N	\N	7	\N
604	deleted	{"auto": true, "alert": "none", "assignment_id": 521}	2025-10-27 07:41:56.705524+00	\N	\N	6	\N
605	deleted	{"auto": true, "alert": "none", "assignment_id": 520}	2025-10-27 07:41:56.706572+00	\N	\N	18	\N
606	deleted	{"auto": true, "alert": "none", "assignment_id": 519}	2025-10-27 07:41:56.707324+00	\N	\N	5	\N
607	deleted	{"auto": true, "alert": "none", "assignment_id": 518}	2025-10-27 07:41:56.708052+00	\N	\N	14	\N
608	deleted	{"auto": true, "alert": "warn", "assignment_id": 517}	2025-10-27 07:41:56.708775+00	\N	\N	22	\N
609	deleted	{"auto": true, "alert": "none", "assignment_id": 516}	2025-10-27 07:41:56.709448+00	\N	\N	4	\N
610	deleted	{"auto": true, "alert": "none", "assignment_id": 515}	2025-10-27 07:41:56.710107+00	\N	\N	3	\N
611	deleted	{"auto": true, "alert": "none", "assignment_id": 514}	2025-10-27 07:41:56.711085+00	\N	\N	2	\N
612	deleted	{"auto": true, "alert": "none", "assignment_id": 513}	2025-10-27 07:41:56.712006+00	\N	\N	23	\N
613	deleted	{"auto": true, "alert": "warn", "assignment_id": 708}	2025-10-27 07:45:01.336081+00	\N	\N	20	\N
614	deleted	{"auto": true, "alert": "none", "assignment_id": 707}	2025-10-27 07:45:01.338449+00	\N	\N	17	\N
615	deleted	{"auto": true, "alert": "none", "assignment_id": 706}	2025-10-27 07:45:01.339897+00	\N	\N	16	\N
616	deleted	{"auto": true, "alert": "warn", "assignment_id": 705}	2025-10-27 07:45:01.341352+00	\N	\N	9	\N
617	deleted	{"auto": true, "alert": "none", "assignment_id": 704}	2025-10-27 07:45:01.342641+00	\N	\N	7	\N
618	deleted	{"auto": true, "alert": "none", "assignment_id": 703}	2025-10-27 07:45:01.343996+00	\N	\N	6	\N
619	deleted	{"auto": true, "alert": "warn", "assignment_id": 702}	2025-10-27 07:45:01.345191+00	\N	\N	18	\N
620	deleted	{"auto": true, "alert": "none", "assignment_id": 701}	2025-10-27 07:45:01.346314+00	\N	\N	5	\N
621	deleted	{"auto": true, "alert": "none", "assignment_id": 700}	2025-10-27 07:45:01.347436+00	\N	\N	14	\N
622	deleted	{"auto": true, "alert": "warn", "assignment_id": 699}	2025-10-27 07:45:01.348625+00	\N	\N	22	\N
623	deleted	{"auto": true, "alert": "none", "assignment_id": 698}	2025-10-27 07:45:01.350136+00	\N	\N	4	\N
624	deleted	{"auto": true, "alert": "none", "assignment_id": 697}	2025-10-27 07:45:01.351248+00	\N	\N	3	\N
625	deleted	{"auto": true, "alert": "none", "assignment_id": 696}	2025-10-27 07:45:01.352413+00	\N	\N	2	\N
626	deleted	{"auto": true, "alert": "none", "assignment_id": 695}	2025-10-27 07:45:01.353648+00	\N	\N	23	\N
627	deleted	{"auto": true, "alert": "warn", "assignment_id": 694}	2025-10-27 07:45:01.354791+00	\N	\N	20	\N
628	deleted	{"auto": true, "alert": "none", "assignment_id": 693}	2025-10-27 07:45:01.355847+00	\N	\N	17	\N
629	deleted	{"auto": true, "alert": "none", "assignment_id": 692}	2025-10-27 07:45:01.356983+00	\N	\N	16	\N
630	deleted	{"auto": true, "alert": "warn", "assignment_id": 691}	2025-10-27 07:45:01.358027+00	\N	\N	9	\N
631	deleted	{"auto": true, "alert": "none", "assignment_id": 690}	2025-10-27 07:45:01.358959+00	\N	\N	7	\N
632	deleted	{"auto": true, "alert": "none", "assignment_id": 689}	2025-10-27 07:45:01.359776+00	\N	\N	6	\N
633	deleted	{"auto": true, "alert": "warn", "assignment_id": 688}	2025-10-27 07:45:01.360583+00	\N	\N	18	\N
634	deleted	{"auto": true, "alert": "none", "assignment_id": 687}	2025-10-27 07:45:01.361383+00	\N	\N	5	\N
635	deleted	{"auto": true, "alert": "none", "assignment_id": 686}	2025-10-27 07:45:01.362189+00	\N	\N	14	\N
636	deleted	{"auto": true, "alert": "warn", "assignment_id": 685}	2025-10-27 07:45:01.362972+00	\N	\N	22	\N
637	deleted	{"auto": true, "alert": "none", "assignment_id": 684}	2025-10-27 07:45:01.363799+00	\N	\N	4	\N
638	deleted	{"auto": true, "alert": "none", "assignment_id": 683}	2025-10-27 07:45:01.364691+00	\N	\N	3	\N
639	deleted	{"auto": true, "alert": "none", "assignment_id": 682}	2025-10-27 07:45:01.365484+00	\N	\N	2	\N
640	deleted	{"auto": true, "alert": "none", "assignment_id": 681}	2025-10-27 07:45:01.366253+00	\N	\N	23	\N
641	deleted	{"auto": true, "alert": "warn", "assignment_id": 680}	2025-10-27 07:45:01.367091+00	\N	\N	20	\N
642	deleted	{"auto": true, "alert": "none", "assignment_id": 679}	2025-10-27 07:45:01.368059+00	\N	\N	17	\N
643	deleted	{"auto": true, "alert": "none", "assignment_id": 678}	2025-10-27 07:45:01.368867+00	\N	\N	16	\N
644	deleted	{"auto": true, "alert": "warn", "assignment_id": 677}	2025-10-27 07:45:01.369839+00	\N	\N	9	\N
645	deleted	{"auto": true, "alert": "none", "assignment_id": 676}	2025-10-27 07:45:01.370863+00	\N	\N	7	\N
646	deleted	{"auto": true, "alert": "none", "assignment_id": 675}	2025-10-27 07:45:01.37162+00	\N	\N	6	\N
647	deleted	{"auto": true, "alert": "warn", "assignment_id": 674}	2025-10-27 07:45:01.372302+00	\N	\N	18	\N
648	deleted	{"auto": true, "alert": "none", "assignment_id": 673}	2025-10-27 07:45:01.37297+00	\N	\N	5	\N
649	deleted	{"auto": true, "alert": "none", "assignment_id": 672}	2025-10-27 07:45:01.373664+00	\N	\N	14	\N
650	deleted	{"auto": true, "alert": "warn", "assignment_id": 671}	2025-10-27 07:45:01.374389+00	\N	\N	22	\N
651	deleted	{"auto": true, "alert": "none", "assignment_id": 670}	2025-10-27 07:45:01.375096+00	\N	\N	4	\N
652	deleted	{"auto": true, "alert": "none", "assignment_id": 669}	2025-10-27 07:45:01.37572+00	\N	\N	3	\N
653	deleted	{"auto": true, "alert": "none", "assignment_id": 668}	2025-10-27 07:45:01.376364+00	\N	\N	2	\N
654	deleted	{"auto": true, "alert": "none", "assignment_id": 667}	2025-10-27 07:45:01.376992+00	\N	\N	23	\N
655	deleted	{"auto": true, "alert": "warn", "assignment_id": 666}	2025-10-27 07:45:01.377617+00	\N	\N	20	\N
656	deleted	{"auto": true, "alert": "none", "assignment_id": 665}	2025-10-27 07:45:01.378257+00	\N	\N	17	\N
657	deleted	{"auto": true, "alert": "none", "assignment_id": 664}	2025-10-27 07:45:01.378866+00	\N	\N	16	\N
658	deleted	{"auto": true, "alert": "warn", "assignment_id": 663}	2025-10-27 07:45:01.379508+00	\N	\N	9	\N
659	deleted	{"auto": true, "alert": "none", "assignment_id": 662}	2025-10-27 07:45:01.380141+00	\N	\N	7	\N
660	deleted	{"auto": true, "alert": "none", "assignment_id": 661}	2025-10-27 07:45:01.380763+00	\N	\N	6	\N
661	deleted	{"auto": true, "alert": "warn", "assignment_id": 660}	2025-10-27 07:45:01.381396+00	\N	\N	18	\N
662	deleted	{"auto": true, "alert": "none", "assignment_id": 659}	2025-10-27 07:45:01.382025+00	\N	\N	5	\N
663	deleted	{"auto": true, "alert": "none", "assignment_id": 658}	2025-10-27 07:45:01.382636+00	\N	\N	14	\N
664	deleted	{"auto": true, "alert": "warn", "assignment_id": 657}	2025-10-27 07:45:01.383215+00	\N	\N	22	\N
665	deleted	{"auto": true, "alert": "none", "assignment_id": 656}	2025-10-27 07:45:01.383824+00	\N	\N	4	\N
666	deleted	{"auto": true, "alert": "none", "assignment_id": 655}	2025-10-27 07:45:01.384434+00	\N	\N	3	\N
667	deleted	{"auto": true, "alert": "none", "assignment_id": 654}	2025-10-27 07:45:01.38508+00	\N	\N	2	\N
668	deleted	{"auto": true, "alert": "none", "assignment_id": 653}	2025-10-27 07:45:01.385831+00	\N	\N	23	\N
669	deleted	{"auto": true, "alert": "warn", "assignment_id": 652}	2025-10-27 07:45:01.386607+00	\N	\N	20	\N
670	deleted	{"auto": true, "alert": "none", "assignment_id": 651}	2025-10-27 07:45:01.387231+00	\N	\N	17	\N
671	deleted	{"auto": true, "alert": "none", "assignment_id": 650}	2025-10-27 07:45:01.387792+00	\N	\N	16	\N
672	deleted	{"auto": true, "alert": "warn", "assignment_id": 649}	2025-10-27 07:45:01.388659+00	\N	\N	9	\N
673	deleted	{"auto": true, "alert": "none", "assignment_id": 648}	2025-10-27 07:45:01.389371+00	\N	\N	7	\N
674	deleted	{"auto": true, "alert": "none", "assignment_id": 647}	2025-10-27 07:45:01.390029+00	\N	\N	6	\N
675	deleted	{"auto": true, "alert": "warn", "assignment_id": 646}	2025-10-27 07:45:01.390763+00	\N	\N	18	\N
676	deleted	{"auto": true, "alert": "none", "assignment_id": 645}	2025-10-27 07:45:01.391478+00	\N	\N	5	\N
677	deleted	{"auto": true, "alert": "none", "assignment_id": 644}	2025-10-27 07:45:01.39204+00	\N	\N	14	\N
678	deleted	{"auto": true, "alert": "warn", "assignment_id": 643}	2025-10-27 07:45:01.392655+00	\N	\N	22	\N
679	deleted	{"auto": true, "alert": "none", "assignment_id": 642}	2025-10-27 07:45:01.393275+00	\N	\N	4	\N
680	deleted	{"auto": true, "alert": "none", "assignment_id": 641}	2025-10-27 07:45:01.394016+00	\N	\N	3	\N
681	deleted	{"auto": true, "alert": "none", "assignment_id": 640}	2025-10-27 07:45:01.394805+00	\N	\N	2	\N
682	deleted	{"auto": true, "alert": "none", "assignment_id": 639}	2025-10-27 07:45:01.395527+00	\N	\N	23	\N
683	deleted	{"auto": true, "alert": "warn", "assignment_id": 638}	2025-10-27 07:45:01.396121+00	\N	\N	20	\N
684	deleted	{"auto": true, "alert": "none", "assignment_id": 637}	2025-10-27 07:45:01.396704+00	\N	\N	17	\N
685	deleted	{"auto": true, "alert": "none", "assignment_id": 636}	2025-10-27 07:45:01.397352+00	\N	\N	16	\N
686	deleted	{"auto": true, "alert": "warn", "assignment_id": 635}	2025-10-27 07:45:01.397922+00	\N	\N	9	\N
687	deleted	{"auto": true, "alert": "none", "assignment_id": 634}	2025-10-27 07:45:01.398478+00	\N	\N	7	\N
688	deleted	{"auto": true, "alert": "none", "assignment_id": 633}	2025-10-27 07:45:01.399066+00	\N	\N	6	\N
689	deleted	{"auto": true, "alert": "warn", "assignment_id": 632}	2025-10-27 07:45:01.399592+00	\N	\N	18	\N
690	deleted	{"auto": true, "alert": "none", "assignment_id": 631}	2025-10-27 07:45:01.400146+00	\N	\N	5	\N
691	deleted	{"auto": true, "alert": "none", "assignment_id": 630}	2025-10-27 07:45:01.400772+00	\N	\N	14	\N
692	deleted	{"auto": true, "alert": "warn", "assignment_id": 629}	2025-10-27 07:45:01.401362+00	\N	\N	22	\N
693	deleted	{"auto": true, "alert": "none", "assignment_id": 628}	2025-10-27 07:45:01.40191+00	\N	\N	4	\N
694	deleted	{"auto": true, "alert": "none", "assignment_id": 627}	2025-10-27 07:45:01.402504+00	\N	\N	3	\N
695	deleted	{"auto": true, "alert": "none", "assignment_id": 626}	2025-10-27 07:45:01.403109+00	\N	\N	2	\N
696	deleted	{"auto": true, "alert": "none", "assignment_id": 625}	2025-10-27 07:45:01.40365+00	\N	\N	23	\N
697	deleted	{"auto": true, "alert": "none", "assignment_id": 624}	2025-10-27 07:45:01.404209+00	\N	\N	20	\N
698	deleted	{"auto": true, "alert": "none", "assignment_id": 623}	2025-10-27 07:45:01.404748+00	\N	\N	17	\N
699	deleted	{"auto": true, "alert": "none", "assignment_id": 622}	2025-10-27 07:45:01.405306+00	\N	\N	16	\N
700	deleted	{"auto": true, "alert": "none", "assignment_id": 621}	2025-10-27 07:45:01.405861+00	\N	\N	9	\N
701	deleted	{"auto": true, "alert": "none", "assignment_id": 620}	2025-10-27 07:45:01.406402+00	\N	\N	7	\N
702	deleted	{"auto": true, "alert": "none", "assignment_id": 619}	2025-10-27 07:45:01.406961+00	\N	\N	6	\N
703	deleted	{"auto": true, "alert": "none", "assignment_id": 618}	2025-10-27 07:45:01.407489+00	\N	\N	18	\N
704	deleted	{"auto": true, "alert": "none", "assignment_id": 617}	2025-10-27 07:45:01.408026+00	\N	\N	5	\N
705	deleted	{"auto": true, "alert": "none", "assignment_id": 616}	2025-10-27 07:45:01.408549+00	\N	\N	14	\N
706	deleted	{"auto": true, "alert": "warn", "assignment_id": 615}	2025-10-27 07:45:01.409066+00	\N	\N	22	\N
707	deleted	{"auto": true, "alert": "none", "assignment_id": 614}	2025-10-27 07:45:01.4096+00	\N	\N	4	\N
708	deleted	{"auto": true, "alert": "none", "assignment_id": 613}	2025-10-27 07:45:01.410149+00	\N	\N	3	\N
709	deleted	{"auto": true, "alert": "none", "assignment_id": 612}	2025-10-27 07:45:01.410708+00	\N	\N	2	\N
710	deleted	{"auto": true, "alert": "none", "assignment_id": 611}	2025-10-27 07:45:01.411248+00	\N	\N	23	\N
711	deleted	{"auto": true, "alert": "warn", "assignment_id": 806}	2025-10-27 07:47:00.106263+00	\N	\N	20	\N
712	deleted	{"auto": true, "alert": "warn", "assignment_id": 805}	2025-10-27 07:47:00.109263+00	\N	\N	18	\N
713	deleted	{"auto": true, "alert": "none", "assignment_id": 804}	2025-10-27 07:47:00.110573+00	\N	\N	17	\N
714	deleted	{"auto": true, "alert": "none", "assignment_id": 803}	2025-10-27 07:47:00.111679+00	\N	\N	16	\N
715	deleted	{"auto": true, "alert": "warn", "assignment_id": 802}	2025-10-27 07:47:00.112769+00	\N	\N	9	\N
716	deleted	{"auto": true, "alert": "none", "assignment_id": 801}	2025-10-27 07:47:00.114252+00	\N	\N	7	\N
717	deleted	{"auto": true, "alert": "none", "assignment_id": 800}	2025-10-27 07:47:00.115458+00	\N	\N	6	\N
718	deleted	{"auto": true, "alert": "warn", "assignment_id": 799}	2025-10-27 07:47:00.116501+00	\N	\N	5	\N
719	deleted	{"auto": true, "alert": "none", "assignment_id": 798}	2025-10-27 07:47:00.117583+00	\N	\N	22	\N
720	deleted	{"auto": true, "alert": "none", "assignment_id": 797}	2025-10-27 07:47:00.119256+00	\N	\N	14	\N
721	deleted	{"auto": true, "alert": "none", "assignment_id": 796}	2025-10-27 07:47:00.120491+00	\N	\N	4	\N
722	deleted	{"auto": true, "alert": "none", "assignment_id": 795}	2025-10-27 07:47:00.121481+00	\N	\N	3	\N
723	deleted	{"auto": true, "alert": "none", "assignment_id": 794}	2025-10-27 07:47:00.122625+00	\N	\N	2	\N
724	deleted	{"auto": true, "alert": "none", "assignment_id": 793}	2025-10-27 07:47:00.123966+00	\N	\N	23	\N
725	deleted	{"auto": true, "alert": "warn", "assignment_id": 792}	2025-10-27 07:47:00.124965+00	\N	\N	20	\N
726	deleted	{"auto": true, "alert": "warn", "assignment_id": 791}	2025-10-27 07:47:00.125819+00	\N	\N	18	\N
727	deleted	{"auto": true, "alert": "none", "assignment_id": 790}	2025-10-27 07:47:00.12665+00	\N	\N	17	\N
728	deleted	{"auto": true, "alert": "none", "assignment_id": 789}	2025-10-27 07:47:00.127474+00	\N	\N	16	\N
729	deleted	{"auto": true, "alert": "warn", "assignment_id": 788}	2025-10-27 07:47:00.128305+00	\N	\N	9	\N
730	deleted	{"auto": true, "alert": "none", "assignment_id": 787}	2025-10-27 07:47:00.129052+00	\N	\N	7	\N
731	deleted	{"auto": true, "alert": "none", "assignment_id": 786}	2025-10-27 07:47:00.129793+00	\N	\N	6	\N
732	deleted	{"auto": true, "alert": "warn", "assignment_id": 785}	2025-10-27 07:47:00.130983+00	\N	\N	5	\N
733	deleted	{"auto": true, "alert": "none", "assignment_id": 784}	2025-10-27 07:47:00.13216+00	\N	\N	22	\N
734	deleted	{"auto": true, "alert": "none", "assignment_id": 783}	2025-10-27 07:47:00.132997+00	\N	\N	14	\N
735	deleted	{"auto": true, "alert": "none", "assignment_id": 782}	2025-10-27 07:47:00.133813+00	\N	\N	4	\N
736	deleted	{"auto": true, "alert": "none", "assignment_id": 781}	2025-10-27 07:47:00.13457+00	\N	\N	3	\N
737	deleted	{"auto": true, "alert": "none", "assignment_id": 780}	2025-10-27 07:47:00.135344+00	\N	\N	2	\N
738	deleted	{"auto": true, "alert": "none", "assignment_id": 779}	2025-10-27 07:47:00.136032+00	\N	\N	23	\N
739	deleted	{"auto": true, "alert": "warn", "assignment_id": 778}	2025-10-27 07:47:00.136668+00	\N	\N	20	\N
740	deleted	{"auto": true, "alert": "warn", "assignment_id": 777}	2025-10-27 07:47:00.137308+00	\N	\N	18	\N
741	deleted	{"auto": true, "alert": "none", "assignment_id": 776}	2025-10-27 07:47:00.137922+00	\N	\N	17	\N
742	deleted	{"auto": true, "alert": "none", "assignment_id": 775}	2025-10-27 07:47:00.138571+00	\N	\N	16	\N
743	deleted	{"auto": true, "alert": "warn", "assignment_id": 774}	2025-10-27 07:47:00.139221+00	\N	\N	9	\N
744	deleted	{"auto": true, "alert": "none", "assignment_id": 773}	2025-10-27 07:47:00.139852+00	\N	\N	7	\N
745	deleted	{"auto": true, "alert": "none", "assignment_id": 772}	2025-10-27 07:47:00.140496+00	\N	\N	6	\N
746	deleted	{"auto": true, "alert": "warn", "assignment_id": 771}	2025-10-27 07:47:00.141123+00	\N	\N	5	\N
747	deleted	{"auto": true, "alert": "none", "assignment_id": 770}	2025-10-27 07:47:00.141747+00	\N	\N	22	\N
748	deleted	{"auto": true, "alert": "none", "assignment_id": 769}	2025-10-27 07:47:00.142391+00	\N	\N	14	\N
749	deleted	{"auto": true, "alert": "none", "assignment_id": 768}	2025-10-27 07:47:00.143007+00	\N	\N	4	\N
750	deleted	{"auto": true, "alert": "none", "assignment_id": 767}	2025-10-27 07:47:00.143616+00	\N	\N	3	\N
751	deleted	{"auto": true, "alert": "none", "assignment_id": 766}	2025-10-27 07:47:00.144177+00	\N	\N	2	\N
752	deleted	{"auto": true, "alert": "none", "assignment_id": 765}	2025-10-27 07:47:00.144754+00	\N	\N	23	\N
753	deleted	{"auto": true, "alert": "warn", "assignment_id": 764}	2025-10-27 07:47:00.145347+00	\N	\N	20	\N
754	deleted	{"auto": true, "alert": "warn", "assignment_id": 763}	2025-10-27 07:47:00.145963+00	\N	\N	18	\N
755	deleted	{"auto": true, "alert": "none", "assignment_id": 762}	2025-10-27 07:47:00.146569+00	\N	\N	17	\N
756	deleted	{"auto": true, "alert": "none", "assignment_id": 761}	2025-10-27 07:47:00.147135+00	\N	\N	16	\N
757	deleted	{"auto": true, "alert": "warn", "assignment_id": 760}	2025-10-27 07:47:00.147694+00	\N	\N	9	\N
758	deleted	{"auto": true, "alert": "none", "assignment_id": 759}	2025-10-27 07:47:00.148258+00	\N	\N	7	\N
759	deleted	{"auto": true, "alert": "none", "assignment_id": 758}	2025-10-27 07:47:00.148808+00	\N	\N	6	\N
760	deleted	{"auto": true, "alert": "warn", "assignment_id": 757}	2025-10-27 07:47:00.149384+00	\N	\N	5	\N
761	deleted	{"auto": true, "alert": "none", "assignment_id": 756}	2025-10-27 07:47:00.149962+00	\N	\N	22	\N
762	deleted	{"auto": true, "alert": "none", "assignment_id": 755}	2025-10-27 07:47:00.150533+00	\N	\N	14	\N
763	deleted	{"auto": true, "alert": "none", "assignment_id": 754}	2025-10-27 07:47:00.151091+00	\N	\N	4	\N
764	deleted	{"auto": true, "alert": "none", "assignment_id": 753}	2025-10-27 07:47:00.151654+00	\N	\N	3	\N
765	deleted	{"auto": true, "alert": "none", "assignment_id": 752}	2025-10-27 07:47:00.152232+00	\N	\N	2	\N
766	deleted	{"auto": true, "alert": "none", "assignment_id": 751}	2025-10-27 07:47:00.152786+00	\N	\N	23	\N
767	deleted	{"auto": true, "alert": "warn", "assignment_id": 750}	2025-10-27 07:47:00.153333+00	\N	\N	20	\N
768	deleted	{"auto": true, "alert": "warn", "assignment_id": 749}	2025-10-27 07:47:00.153867+00	\N	\N	18	\N
769	deleted	{"auto": true, "alert": "none", "assignment_id": 748}	2025-10-27 07:47:00.15439+00	\N	\N	17	\N
770	deleted	{"auto": true, "alert": "none", "assignment_id": 747}	2025-10-27 07:47:00.154911+00	\N	\N	16	\N
771	deleted	{"auto": true, "alert": "warn", "assignment_id": 746}	2025-10-27 07:47:00.155468+00	\N	\N	9	\N
772	deleted	{"auto": true, "alert": "none", "assignment_id": 745}	2025-10-27 07:47:00.155998+00	\N	\N	7	\N
773	deleted	{"auto": true, "alert": "none", "assignment_id": 744}	2025-10-27 07:47:00.156704+00	\N	\N	6	\N
774	deleted	{"auto": true, "alert": "warn", "assignment_id": 743}	2025-10-27 07:47:00.157243+00	\N	\N	5	\N
775	deleted	{"auto": true, "alert": "none", "assignment_id": 742}	2025-10-27 07:47:00.157844+00	\N	\N	22	\N
776	deleted	{"auto": true, "alert": "none", "assignment_id": 741}	2025-10-27 07:47:00.158387+00	\N	\N	14	\N
777	deleted	{"auto": true, "alert": "none", "assignment_id": 740}	2025-10-27 07:47:00.158924+00	\N	\N	4	\N
778	deleted	{"auto": true, "alert": "none", "assignment_id": 739}	2025-10-27 07:47:00.159486+00	\N	\N	3	\N
779	deleted	{"auto": true, "alert": "none", "assignment_id": 738}	2025-10-27 07:47:00.160007+00	\N	\N	2	\N
780	deleted	{"auto": true, "alert": "none", "assignment_id": 737}	2025-10-27 07:47:00.160647+00	\N	\N	23	\N
781	deleted	{"auto": true, "alert": "warn", "assignment_id": 736}	2025-10-27 07:47:00.161267+00	\N	\N	20	\N
782	deleted	{"auto": true, "alert": "warn", "assignment_id": 735}	2025-10-27 07:47:00.161821+00	\N	\N	18	\N
783	deleted	{"auto": true, "alert": "none", "assignment_id": 734}	2025-10-27 07:47:00.162359+00	\N	\N	17	\N
784	deleted	{"auto": true, "alert": "none", "assignment_id": 733}	2025-10-27 07:47:00.162889+00	\N	\N	16	\N
785	deleted	{"auto": true, "alert": "warn", "assignment_id": 732}	2025-10-27 07:47:00.163423+00	\N	\N	9	\N
786	deleted	{"auto": true, "alert": "none", "assignment_id": 731}	2025-10-27 07:47:00.163966+00	\N	\N	7	\N
787	deleted	{"auto": true, "alert": "none", "assignment_id": 730}	2025-10-27 07:47:00.164499+00	\N	\N	6	\N
788	deleted	{"auto": true, "alert": "warn", "assignment_id": 729}	2025-10-27 07:47:00.165022+00	\N	\N	5	\N
789	deleted	{"auto": true, "alert": "none", "assignment_id": 728}	2025-10-27 07:47:00.165561+00	\N	\N	22	\N
790	deleted	{"auto": true, "alert": "none", "assignment_id": 727}	2025-10-27 07:47:00.166113+00	\N	\N	14	\N
791	deleted	{"auto": true, "alert": "none", "assignment_id": 726}	2025-10-27 07:47:00.166663+00	\N	\N	4	\N
792	deleted	{"auto": true, "alert": "none", "assignment_id": 725}	2025-10-27 07:47:00.167296+00	\N	\N	3	\N
793	deleted	{"auto": true, "alert": "none", "assignment_id": 724}	2025-10-27 07:47:00.168029+00	\N	\N	2	\N
794	deleted	{"auto": true, "alert": "none", "assignment_id": 723}	2025-10-27 07:47:00.168782+00	\N	\N	23	\N
795	deleted	{"auto": true, "alert": "none", "assignment_id": 722}	2025-10-27 07:47:00.169374+00	\N	\N	20	\N
796	deleted	{"auto": true, "alert": "none", "assignment_id": 721}	2025-10-27 07:47:00.169929+00	\N	\N	18	\N
797	deleted	{"auto": true, "alert": "none", "assignment_id": 720}	2025-10-27 07:47:00.170521+00	\N	\N	17	\N
798	deleted	{"auto": true, "alert": "none", "assignment_id": 719}	2025-10-27 07:47:00.171051+00	\N	\N	16	\N
799	deleted	{"auto": true, "alert": "none", "assignment_id": 718}	2025-10-27 07:47:00.171566+00	\N	\N	9	\N
800	deleted	{"auto": true, "alert": "none", "assignment_id": 717}	2025-10-27 07:47:00.172083+00	\N	\N	7	\N
801	deleted	{"auto": true, "alert": "none", "assignment_id": 716}	2025-10-27 07:47:00.172636+00	\N	\N	6	\N
802	deleted	{"auto": true, "alert": "none", "assignment_id": 715}	2025-10-27 07:47:00.173281+00	\N	\N	5	\N
803	deleted	{"auto": true, "alert": "none", "assignment_id": 714}	2025-10-27 07:47:00.173902+00	\N	\N	22	\N
804	deleted	{"auto": true, "alert": "none", "assignment_id": 713}	2025-10-27 07:47:00.174508+00	\N	\N	14	\N
805	deleted	{"auto": true, "alert": "none", "assignment_id": 712}	2025-10-27 07:47:00.175054+00	\N	\N	4	\N
806	deleted	{"auto": true, "alert": "none", "assignment_id": 711}	2025-10-27 07:47:00.175625+00	\N	\N	3	\N
807	deleted	{"auto": true, "alert": "none", "assignment_id": 710}	2025-10-27 07:47:00.176293+00	\N	\N	2	\N
808	deleted	{"auto": true, "alert": "none", "assignment_id": 709}	2025-10-27 07:47:00.177022+00	\N	\N	23	\N
809	deleted	{"auto": true, "alert": "none", "assignment_id": 904}	2025-10-27 08:14:18.265217+00	\N	\N	22	\N
810	deleted	{"auto": true, "alert": "warn", "assignment_id": 903}	2025-10-27 08:14:18.26727+00	\N	\N	20	\N
811	deleted	{"auto": true, "alert": "warn", "assignment_id": 902}	2025-10-27 08:14:18.268454+00	\N	\N	18	\N
812	deleted	{"auto": true, "alert": "none", "assignment_id": 901}	2025-10-27 08:14:18.269393+00	\N	\N	17	\N
813	deleted	{"auto": true, "alert": "none", "assignment_id": 900}	2025-10-27 08:14:18.270072+00	\N	\N	16	\N
814	deleted	{"auto": true, "alert": "warn", "assignment_id": 899}	2025-10-27 08:14:18.270876+00	\N	\N	9	\N
815	deleted	{"auto": true, "alert": "none", "assignment_id": 898}	2025-10-27 08:14:18.271716+00	\N	\N	7	\N
816	deleted	{"auto": true, "alert": "none", "assignment_id": 897}	2025-10-27 08:14:18.272521+00	\N	\N	6	\N
817	deleted	{"auto": true, "alert": "warn", "assignment_id": 896}	2025-10-27 08:14:18.273297+00	\N	\N	5	\N
818	deleted	{"auto": true, "alert": "none", "assignment_id": 895}	2025-10-27 08:14:18.274058+00	\N	\N	4	\N
819	deleted	{"auto": true, "alert": "none", "assignment_id": 894}	2025-10-27 08:14:18.274879+00	\N	\N	14	\N
820	deleted	{"auto": true, "alert": "none", "assignment_id": 893}	2025-10-27 08:14:18.275702+00	\N	\N	3	\N
821	deleted	{"auto": true, "alert": "none", "assignment_id": 892}	2025-10-27 08:14:18.276462+00	\N	\N	2	\N
822	deleted	{"auto": true, "alert": "none", "assignment_id": 891}	2025-10-27 08:14:18.27722+00	\N	\N	23	\N
823	deleted	{"auto": true, "alert": "none", "assignment_id": 890}	2025-10-27 08:14:18.277974+00	\N	\N	22	\N
824	deleted	{"auto": true, "alert": "warn", "assignment_id": 889}	2025-10-27 08:14:18.278736+00	\N	\N	20	\N
825	deleted	{"auto": true, "alert": "warn", "assignment_id": 888}	2025-10-27 08:14:18.27947+00	\N	\N	18	\N
826	deleted	{"auto": true, "alert": "none", "assignment_id": 887}	2025-10-27 08:14:18.280233+00	\N	\N	17	\N
827	deleted	{"auto": true, "alert": "none", "assignment_id": 886}	2025-10-27 08:14:18.280951+00	\N	\N	16	\N
828	deleted	{"auto": true, "alert": "warn", "assignment_id": 885}	2025-10-27 08:14:18.281711+00	\N	\N	9	\N
829	deleted	{"auto": true, "alert": "none", "assignment_id": 884}	2025-10-27 08:14:18.282447+00	\N	\N	7	\N
830	deleted	{"auto": true, "alert": "none", "assignment_id": 883}	2025-10-27 08:14:18.283146+00	\N	\N	6	\N
831	deleted	{"auto": true, "alert": "warn", "assignment_id": 882}	2025-10-27 08:14:18.283887+00	\N	\N	5	\N
832	deleted	{"auto": true, "alert": "none", "assignment_id": 881}	2025-10-27 08:14:18.28478+00	\N	\N	4	\N
833	deleted	{"auto": true, "alert": "none", "assignment_id": 880}	2025-10-27 08:14:18.285632+00	\N	\N	14	\N
834	deleted	{"auto": true, "alert": "none", "assignment_id": 879}	2025-10-27 08:14:18.28639+00	\N	\N	3	\N
835	deleted	{"auto": true, "alert": "none", "assignment_id": 878}	2025-10-27 08:14:18.287135+00	\N	\N	2	\N
836	deleted	{"auto": true, "alert": "none", "assignment_id": 877}	2025-10-27 08:14:18.287853+00	\N	\N	23	\N
837	deleted	{"auto": true, "alert": "warn", "assignment_id": 876}	2025-10-27 08:14:18.288569+00	\N	\N	20	\N
838	deleted	{"auto": true, "alert": "warn", "assignment_id": 875}	2025-10-27 08:14:18.289268+00	\N	\N	18	\N
839	deleted	{"auto": true, "alert": "none", "assignment_id": 874}	2025-10-27 08:14:18.290016+00	\N	\N	17	\N
840	deleted	{"auto": true, "alert": "none", "assignment_id": 873}	2025-10-27 08:14:18.291021+00	\N	\N	16	\N
841	deleted	{"auto": true, "alert": "warn", "assignment_id": 872}	2025-10-27 08:14:18.291963+00	\N	\N	9	\N
842	deleted	{"auto": true, "alert": "none", "assignment_id": 871}	2025-10-27 08:14:18.292665+00	\N	\N	7	\N
843	deleted	{"auto": true, "alert": "none", "assignment_id": 870}	2025-10-27 08:14:18.293586+00	\N	\N	6	\N
844	deleted	{"auto": true, "alert": "warn", "assignment_id": 869}	2025-10-27 08:14:18.2946+00	\N	\N	5	\N
845	deleted	{"auto": true, "alert": "none", "assignment_id": 868}	2025-10-27 08:14:18.295365+00	\N	\N	22	\N
846	deleted	{"auto": true, "alert": "none", "assignment_id": 867}	2025-10-27 08:14:18.295993+00	\N	\N	14	\N
847	deleted	{"auto": true, "alert": "none", "assignment_id": 866}	2025-10-27 08:14:18.296677+00	\N	\N	4	\N
848	deleted	{"auto": true, "alert": "none", "assignment_id": 865}	2025-10-27 08:14:18.297376+00	\N	\N	3	\N
849	deleted	{"auto": true, "alert": "none", "assignment_id": 864}	2025-10-27 08:14:18.298077+00	\N	\N	2	\N
850	deleted	{"auto": true, "alert": "none", "assignment_id": 863}	2025-10-27 08:14:18.298724+00	\N	\N	23	\N
851	deleted	{"auto": true, "alert": "warn", "assignment_id": 862}	2025-10-27 08:14:18.299351+00	\N	\N	20	\N
852	deleted	{"auto": true, "alert": "warn", "assignment_id": 861}	2025-10-27 08:14:18.299975+00	\N	\N	18	\N
853	deleted	{"auto": true, "alert": "none", "assignment_id": 860}	2025-10-27 08:14:18.30062+00	\N	\N	17	\N
854	deleted	{"auto": true, "alert": "none", "assignment_id": 859}	2025-10-27 08:14:18.301266+00	\N	\N	16	\N
855	deleted	{"auto": true, "alert": "warn", "assignment_id": 858}	2025-10-27 08:14:18.302167+00	\N	\N	9	\N
856	deleted	{"auto": true, "alert": "none", "assignment_id": 857}	2025-10-27 08:14:18.30286+00	\N	\N	7	\N
857	deleted	{"auto": true, "alert": "none", "assignment_id": 856}	2025-10-27 08:14:18.303513+00	\N	\N	6	\N
858	deleted	{"auto": true, "alert": "warn", "assignment_id": 855}	2025-10-27 08:14:18.304129+00	\N	\N	5	\N
859	deleted	{"auto": true, "alert": "none", "assignment_id": 854}	2025-10-27 08:14:18.304716+00	\N	\N	22	\N
860	deleted	{"auto": true, "alert": "none", "assignment_id": 853}	2025-10-27 08:14:18.305332+00	\N	\N	14	\N
861	deleted	{"auto": true, "alert": "none", "assignment_id": 852}	2025-10-27 08:14:18.305901+00	\N	\N	4	\N
862	deleted	{"auto": true, "alert": "none", "assignment_id": 851}	2025-10-27 08:14:18.306484+00	\N	\N	3	\N
863	deleted	{"auto": true, "alert": "none", "assignment_id": 850}	2025-10-27 08:14:18.307013+00	\N	\N	2	\N
864	deleted	{"auto": true, "alert": "none", "assignment_id": 849}	2025-10-27 08:14:18.307476+00	\N	\N	23	\N
865	deleted	{"auto": true, "alert": "warn", "assignment_id": 848}	2025-10-27 08:14:18.307903+00	\N	\N	20	\N
866	deleted	{"auto": true, "alert": "warn", "assignment_id": 847}	2025-10-27 08:14:18.308342+00	\N	\N	18	\N
867	deleted	{"auto": true, "alert": "none", "assignment_id": 846}	2025-10-27 08:14:18.308781+00	\N	\N	17	\N
868	deleted	{"auto": true, "alert": "none", "assignment_id": 845}	2025-10-27 08:14:18.309247+00	\N	\N	16	\N
869	deleted	{"auto": true, "alert": "warn", "assignment_id": 844}	2025-10-27 08:14:18.309709+00	\N	\N	9	\N
870	deleted	{"auto": true, "alert": "none", "assignment_id": 843}	2025-10-27 08:14:18.310139+00	\N	\N	7	\N
871	deleted	{"auto": true, "alert": "none", "assignment_id": 842}	2025-10-27 08:14:18.310576+00	\N	\N	6	\N
872	deleted	{"auto": true, "alert": "warn", "assignment_id": 841}	2025-10-27 08:14:18.311051+00	\N	\N	5	\N
873	deleted	{"auto": true, "alert": "none", "assignment_id": 840}	2025-10-27 08:14:18.311518+00	\N	\N	22	\N
874	deleted	{"auto": true, "alert": "none", "assignment_id": 839}	2025-10-27 08:14:18.311923+00	\N	\N	14	\N
875	deleted	{"auto": true, "alert": "none", "assignment_id": 838}	2025-10-27 08:14:18.312349+00	\N	\N	4	\N
876	deleted	{"auto": true, "alert": "none", "assignment_id": 837}	2025-10-27 08:14:18.312779+00	\N	\N	3	\N
877	deleted	{"auto": true, "alert": "none", "assignment_id": 836}	2025-10-27 08:14:18.313555+00	\N	\N	2	\N
878	deleted	{"auto": true, "alert": "none", "assignment_id": 835}	2025-10-27 08:14:18.314528+00	\N	\N	23	\N
879	deleted	{"auto": true, "alert": "warn", "assignment_id": 834}	2025-10-27 08:14:18.315214+00	\N	\N	20	\N
880	deleted	{"auto": true, "alert": "warn", "assignment_id": 833}	2025-10-27 08:14:18.315822+00	\N	\N	18	\N
881	deleted	{"auto": true, "alert": "none", "assignment_id": 832}	2025-10-27 08:14:18.316401+00	\N	\N	17	\N
882	deleted	{"auto": true, "alert": "none", "assignment_id": 831}	2025-10-27 08:14:18.316973+00	\N	\N	16	\N
883	deleted	{"auto": true, "alert": "warn", "assignment_id": 830}	2025-10-27 08:14:18.31757+00	\N	\N	9	\N
884	deleted	{"auto": true, "alert": "none", "assignment_id": 829}	2025-10-27 08:14:18.31816+00	\N	\N	7	\N
885	deleted	{"auto": true, "alert": "none", "assignment_id": 828}	2025-10-27 08:14:18.31905+00	\N	\N	6	\N
886	deleted	{"auto": true, "alert": "warn", "assignment_id": 827}	2025-10-27 08:14:18.319765+00	\N	\N	5	\N
887	deleted	{"auto": true, "alert": "none", "assignment_id": 826}	2025-10-27 08:14:18.320359+00	\N	\N	22	\N
888	deleted	{"auto": true, "alert": "none", "assignment_id": 825}	2025-10-27 08:14:18.320948+00	\N	\N	14	\N
889	deleted	{"auto": true, "alert": "none", "assignment_id": 824}	2025-10-27 08:14:18.3216+00	\N	\N	4	\N
890	deleted	{"auto": true, "alert": "none", "assignment_id": 823}	2025-10-27 08:14:18.322585+00	\N	\N	3	\N
891	deleted	{"auto": true, "alert": "none", "assignment_id": 822}	2025-10-27 08:14:18.323297+00	\N	\N	2	\N
892	deleted	{"auto": true, "alert": "none", "assignment_id": 821}	2025-10-27 08:14:18.323854+00	\N	\N	23	\N
893	deleted	{"auto": true, "alert": "none", "assignment_id": 820}	2025-10-27 08:14:18.324417+00	\N	\N	20	\N
894	deleted	{"auto": true, "alert": "none", "assignment_id": 819}	2025-10-27 08:14:18.325007+00	\N	\N	18	\N
895	deleted	{"auto": true, "alert": "none", "assignment_id": 818}	2025-10-27 08:14:18.325588+00	\N	\N	17	\N
896	deleted	{"auto": true, "alert": "none", "assignment_id": 817}	2025-10-27 08:14:18.326139+00	\N	\N	16	\N
897	deleted	{"auto": true, "alert": "none", "assignment_id": 816}	2025-10-27 08:14:18.326754+00	\N	\N	9	\N
898	deleted	{"auto": true, "alert": "none", "assignment_id": 815}	2025-10-27 08:14:18.327487+00	\N	\N	7	\N
899	deleted	{"auto": true, "alert": "none", "assignment_id": 814}	2025-10-27 08:14:18.328102+00	\N	\N	6	\N
900	deleted	{"auto": true, "alert": "none", "assignment_id": 813}	2025-10-27 08:14:18.328684+00	\N	\N	5	\N
901	deleted	{"auto": true, "alert": "none", "assignment_id": 812}	2025-10-27 08:14:18.32924+00	\N	\N	22	\N
902	deleted	{"auto": true, "alert": "none", "assignment_id": 811}	2025-10-27 08:14:18.329821+00	\N	\N	14	\N
903	deleted	{"auto": true, "alert": "none", "assignment_id": 810}	2025-10-27 08:14:18.330382+00	\N	\N	4	\N
904	deleted	{"auto": true, "alert": "none", "assignment_id": 809}	2025-10-27 08:14:18.331168+00	\N	\N	3	\N
905	deleted	{"auto": true, "alert": "none", "assignment_id": 808}	2025-10-27 08:14:18.331948+00	\N	\N	2	\N
906	deleted	{"auto": true, "alert": "none", "assignment_id": 807}	2025-10-27 08:14:18.332584+00	\N	\N	23	\N
907	deleted	{"auto": true, "alert": "none", "assignment_id": 1002}	2025-10-27 09:11:01.500579+00	\N	\N	22	\N
908	deleted	{"auto": true, "alert": "warn", "assignment_id": 1001}	2025-10-27 09:11:01.505757+00	\N	\N	20	\N
909	deleted	{"auto": true, "alert": "warn", "assignment_id": 1000}	2025-10-27 09:11:01.508937+00	\N	\N	18	\N
910	deleted	{"auto": true, "alert": "none", "assignment_id": 999}	2025-10-27 09:11:01.512242+00	\N	\N	17	\N
911	deleted	{"auto": true, "alert": "none", "assignment_id": 998}	2025-10-27 09:11:01.515877+00	\N	\N	16	\N
912	deleted	{"auto": true, "alert": "warn", "assignment_id": 997}	2025-10-27 09:11:01.519494+00	\N	\N	9	\N
913	deleted	{"auto": true, "alert": "none", "assignment_id": 996}	2025-10-27 09:11:01.522925+00	\N	\N	7	\N
914	deleted	{"auto": true, "alert": "none", "assignment_id": 995}	2025-10-27 09:11:01.526324+00	\N	\N	6	\N
915	deleted	{"auto": true, "alert": "warn", "assignment_id": 994}	2025-10-27 09:11:01.529479+00	\N	\N	5	\N
916	deleted	{"auto": true, "alert": "none", "assignment_id": 993}	2025-10-27 09:11:01.53269+00	\N	\N	4	\N
917	deleted	{"auto": true, "alert": "none", "assignment_id": 992}	2025-10-27 09:11:01.535595+00	\N	\N	14	\N
918	deleted	{"auto": true, "alert": "none", "assignment_id": 991}	2025-10-27 09:11:01.538249+00	\N	\N	3	\N
919	deleted	{"auto": true, "alert": "none", "assignment_id": 990}	2025-10-27 09:11:01.541051+00	\N	\N	2	\N
920	deleted	{"auto": true, "alert": "none", "assignment_id": 989}	2025-10-27 09:11:01.543511+00	\N	\N	23	\N
921	deleted	{"auto": true, "alert": "none", "assignment_id": 988}	2025-10-27 09:11:01.546204+00	\N	\N	22	\N
922	deleted	{"auto": true, "alert": "warn", "assignment_id": 987}	2025-10-27 09:11:01.549124+00	\N	\N	20	\N
923	deleted	{"auto": true, "alert": "warn", "assignment_id": 986}	2025-10-27 09:11:01.552056+00	\N	\N	18	\N
924	deleted	{"auto": true, "alert": "none", "assignment_id": 985}	2025-10-27 09:11:01.554817+00	\N	\N	17	\N
925	deleted	{"auto": true, "alert": "none", "assignment_id": 984}	2025-10-27 09:11:01.557297+00	\N	\N	16	\N
926	deleted	{"auto": true, "alert": "warn", "assignment_id": 983}	2025-10-27 09:11:01.559671+00	\N	\N	9	\N
927	deleted	{"auto": true, "alert": "none", "assignment_id": 982}	2025-10-27 09:11:01.562481+00	\N	\N	7	\N
928	deleted	{"auto": true, "alert": "none", "assignment_id": 981}	2025-10-27 09:11:01.565502+00	\N	\N	6	\N
929	deleted	{"auto": true, "alert": "warn", "assignment_id": 980}	2025-10-27 09:11:01.568372+00	\N	\N	5	\N
930	deleted	{"auto": true, "alert": "none", "assignment_id": 979}	2025-10-27 09:11:01.571032+00	\N	\N	4	\N
931	deleted	{"auto": true, "alert": "none", "assignment_id": 978}	2025-10-27 09:11:01.573622+00	\N	\N	14	\N
932	deleted	{"auto": true, "alert": "none", "assignment_id": 977}	2025-10-27 09:11:01.576004+00	\N	\N	3	\N
933	deleted	{"auto": true, "alert": "none", "assignment_id": 976}	2025-10-27 09:11:01.578704+00	\N	\N	2	\N
934	deleted	{"auto": true, "alert": "none", "assignment_id": 975}	2025-10-27 09:11:01.581676+00	\N	\N	23	\N
935	deleted	{"auto": true, "alert": "warn", "assignment_id": 974}	2025-10-27 09:11:01.584392+00	\N	\N	20	\N
936	deleted	{"auto": true, "alert": "warn", "assignment_id": 973}	2025-10-27 09:11:01.587976+00	\N	\N	18	\N
937	deleted	{"auto": true, "alert": "none", "assignment_id": 972}	2025-10-27 09:11:01.590751+00	\N	\N	17	\N
938	deleted	{"auto": true, "alert": "none", "assignment_id": 971}	2025-10-27 09:11:01.593485+00	\N	\N	16	\N
939	deleted	{"auto": true, "alert": "warn", "assignment_id": 970}	2025-10-27 09:11:01.596085+00	\N	\N	9	\N
940	deleted	{"auto": true, "alert": "none", "assignment_id": 969}	2025-10-27 09:11:01.598539+00	\N	\N	7	\N
941	deleted	{"auto": true, "alert": "none", "assignment_id": 968}	2025-10-27 09:11:01.600888+00	\N	\N	6	\N
942	deleted	{"auto": true, "alert": "warn", "assignment_id": 967}	2025-10-27 09:11:01.603184+00	\N	\N	5	\N
943	deleted	{"auto": true, "alert": "none", "assignment_id": 966}	2025-10-27 09:11:01.605544+00	\N	\N	22	\N
944	deleted	{"auto": true, "alert": "none", "assignment_id": 965}	2025-10-27 09:11:01.60791+00	\N	\N	14	\N
945	deleted	{"auto": true, "alert": "none", "assignment_id": 964}	2025-10-27 09:11:01.610263+00	\N	\N	4	\N
946	deleted	{"auto": true, "alert": "none", "assignment_id": 963}	2025-10-27 09:11:01.612594+00	\N	\N	3	\N
947	deleted	{"auto": true, "alert": "none", "assignment_id": 962}	2025-10-27 09:11:01.615035+00	\N	\N	2	\N
948	deleted	{"auto": true, "alert": "none", "assignment_id": 961}	2025-10-27 09:11:01.617637+00	\N	\N	23	\N
949	deleted	{"auto": true, "alert": "warn", "assignment_id": 960}	2025-10-27 09:11:01.619998+00	\N	\N	20	\N
950	deleted	{"auto": true, "alert": "warn", "assignment_id": 959}	2025-10-27 09:11:01.622353+00	\N	\N	18	\N
951	deleted	{"auto": true, "alert": "none", "assignment_id": 958}	2025-10-27 09:11:01.624637+00	\N	\N	17	\N
952	deleted	{"auto": true, "alert": "none", "assignment_id": 957}	2025-10-27 09:11:01.627069+00	\N	\N	16	\N
953	deleted	{"auto": true, "alert": "warn", "assignment_id": 956}	2025-10-27 09:11:01.629509+00	\N	\N	9	\N
954	deleted	{"auto": true, "alert": "none", "assignment_id": 955}	2025-10-27 09:11:01.63203+00	\N	\N	7	\N
955	deleted	{"auto": true, "alert": "none", "assignment_id": 954}	2025-10-27 09:11:01.634363+00	\N	\N	6	\N
956	deleted	{"auto": true, "alert": "warn", "assignment_id": 953}	2025-10-27 09:11:01.636705+00	\N	\N	5	\N
957	deleted	{"auto": true, "alert": "none", "assignment_id": 952}	2025-10-27 09:11:01.639319+00	\N	\N	22	\N
958	deleted	{"auto": true, "alert": "none", "assignment_id": 951}	2025-10-27 09:11:01.642478+00	\N	\N	14	\N
959	deleted	{"auto": true, "alert": "none", "assignment_id": 950}	2025-10-27 09:11:01.645024+00	\N	\N	4	\N
960	deleted	{"auto": true, "alert": "none", "assignment_id": 949}	2025-10-27 09:11:01.647451+00	\N	\N	3	\N
961	deleted	{"auto": true, "alert": "none", "assignment_id": 948}	2025-10-27 09:11:01.649848+00	\N	\N	2	\N
962	deleted	{"auto": true, "alert": "none", "assignment_id": 947}	2025-10-27 09:11:01.652329+00	\N	\N	23	\N
963	deleted	{"auto": true, "alert": "warn", "assignment_id": 946}	2025-10-27 09:11:01.654772+00	\N	\N	20	\N
964	deleted	{"auto": true, "alert": "warn", "assignment_id": 945}	2025-10-27 09:11:01.657225+00	\N	\N	18	\N
965	deleted	{"auto": true, "alert": "none", "assignment_id": 944}	2025-10-27 09:11:01.659548+00	\N	\N	17	\N
966	deleted	{"auto": true, "alert": "none", "assignment_id": 943}	2025-10-27 09:11:01.661851+00	\N	\N	16	\N
967	deleted	{"auto": true, "alert": "warn", "assignment_id": 942}	2025-10-27 09:11:01.66427+00	\N	\N	9	\N
968	deleted	{"auto": true, "alert": "none", "assignment_id": 941}	2025-10-27 09:11:01.667023+00	\N	\N	7	\N
969	deleted	{"auto": true, "alert": "none", "assignment_id": 940}	2025-10-27 09:11:01.669455+00	\N	\N	6	\N
970	deleted	{"auto": true, "alert": "warn", "assignment_id": 939}	2025-10-27 09:11:01.671799+00	\N	\N	5	\N
971	deleted	{"auto": true, "alert": "none", "assignment_id": 938}	2025-10-27 09:11:01.674622+00	\N	\N	22	\N
972	deleted	{"auto": true, "alert": "none", "assignment_id": 937}	2025-10-27 09:11:01.677203+00	\N	\N	14	\N
973	deleted	{"auto": true, "alert": "none", "assignment_id": 936}	2025-10-27 09:11:01.679589+00	\N	\N	4	\N
974	deleted	{"auto": true, "alert": "none", "assignment_id": 935}	2025-10-27 09:11:01.682351+00	\N	\N	3	\N
975	deleted	{"auto": true, "alert": "none", "assignment_id": 934}	2025-10-27 09:11:01.685186+00	\N	\N	2	\N
976	deleted	{"auto": true, "alert": "none", "assignment_id": 933}	2025-10-27 09:11:01.687637+00	\N	\N	23	\N
977	deleted	{"auto": true, "alert": "warn", "assignment_id": 932}	2025-10-27 09:11:01.690089+00	\N	\N	20	\N
978	deleted	{"auto": true, "alert": "warn", "assignment_id": 931}	2025-10-27 09:11:01.692449+00	\N	\N	18	\N
979	deleted	{"auto": true, "alert": "none", "assignment_id": 930}	2025-10-27 09:11:01.69483+00	\N	\N	17	\N
980	deleted	{"auto": true, "alert": "none", "assignment_id": 929}	2025-10-27 09:11:01.697245+00	\N	\N	16	\N
981	deleted	{"auto": true, "alert": "warn", "assignment_id": 928}	2025-10-27 09:11:01.699552+00	\N	\N	9	\N
982	deleted	{"auto": true, "alert": "none", "assignment_id": 927}	2025-10-27 09:11:01.701893+00	\N	\N	7	\N
983	deleted	{"auto": true, "alert": "none", "assignment_id": 926}	2025-10-27 09:11:01.704139+00	\N	\N	6	\N
984	deleted	{"auto": true, "alert": "warn", "assignment_id": 925}	2025-10-27 09:11:01.706417+00	\N	\N	5	\N
985	deleted	{"auto": true, "alert": "none", "assignment_id": 924}	2025-10-27 09:11:01.708669+00	\N	\N	22	\N
986	deleted	{"auto": true, "alert": "none", "assignment_id": 923}	2025-10-27 09:11:01.711036+00	\N	\N	14	\N
987	deleted	{"auto": true, "alert": "none", "assignment_id": 922}	2025-10-27 09:11:01.713476+00	\N	\N	4	\N
988	deleted	{"auto": true, "alert": "none", "assignment_id": 921}	2025-10-27 09:11:01.715802+00	\N	\N	3	\N
989	deleted	{"auto": true, "alert": "none", "assignment_id": 920}	2025-10-27 09:11:01.718236+00	\N	\N	2	\N
990	deleted	{"auto": true, "alert": "none", "assignment_id": 919}	2025-10-27 09:11:01.720585+00	\N	\N	23	\N
991	deleted	{"auto": true, "alert": "none", "assignment_id": 918}	2025-10-27 09:11:01.72299+00	\N	\N	20	\N
992	deleted	{"auto": true, "alert": "none", "assignment_id": 917}	2025-10-27 09:11:01.725329+00	\N	\N	18	\N
993	deleted	{"auto": true, "alert": "none", "assignment_id": 916}	2025-10-27 09:11:01.727713+00	\N	\N	17	\N
994	deleted	{"auto": true, "alert": "none", "assignment_id": 915}	2025-10-27 09:11:01.730036+00	\N	\N	16	\N
995	deleted	{"auto": true, "alert": "none", "assignment_id": 914}	2025-10-27 09:11:01.732345+00	\N	\N	9	\N
996	deleted	{"auto": true, "alert": "none", "assignment_id": 913}	2025-10-27 09:11:01.73474+00	\N	\N	7	\N
997	deleted	{"auto": true, "alert": "none", "assignment_id": 912}	2025-10-27 09:11:01.73705+00	\N	\N	6	\N
998	deleted	{"auto": true, "alert": "none", "assignment_id": 911}	2025-10-27 09:11:01.73933+00	\N	\N	5	\N
999	deleted	{"auto": true, "alert": "none", "assignment_id": 910}	2025-10-27 09:11:01.742106+00	\N	\N	22	\N
1000	deleted	{"auto": true, "alert": "none", "assignment_id": 909}	2025-10-27 09:11:01.744622+00	\N	\N	14	\N
1001	deleted	{"auto": true, "alert": "none", "assignment_id": 908}	2025-10-27 09:11:01.746961+00	\N	\N	4	\N
1002	deleted	{"auto": true, "alert": "none", "assignment_id": 907}	2025-10-27 09:11:01.749447+00	\N	\N	3	\N
1003	deleted	{"auto": true, "alert": "none", "assignment_id": 906}	2025-10-27 09:11:01.751864+00	\N	\N	2	\N
1004	deleted	{"auto": true, "alert": "none", "assignment_id": 905}	2025-10-27 09:11:01.754245+00	\N	\N	23	\N
\.


--
-- Data for Name: calendario_operatorcapability; Type: TABLE DATA; Schema: public; Owner: -
--

COPY public.calendario_operatorcapability (id, operator_id, skill_score, category_id) FROM stdin;
4	7	7	1
5	7	6	3
6	4	6	1
7	4	6	3
8	15	5	9
9	15	5	7
10	15	5	8
11	10	6	5
12	10	6	6
13	3	6	1
14	3	5	10
15	23	6	7
16	16	7	2
17	16	6	4
18	16	5	5
19	5	6	1
20	5	6	3
21	12	5	5
22	12	5	6
23	11	5	5
24	11	5	6
25	13	5	5
26	13	5	6
27	20	4	4
28	2	8	1
29	2	7	10
30	22	2	1
31	6	7	1
32	6	7	3
33	6	6	2
34	6	6	4
35	18	5	3
36	18	5	4
37	14	7	10
38	14	5	3
39	17	5	2
40	9	5	3
41	9	4	1
42	9	4	10
\.


--
-- Data for Name: calendario_operatorrestperiod; Type: TABLE DATA; Schema: public; Owner: -
--

COPY public.calendario_operatorrestperiod (id, start_date, end_date, status, source, notes, created_at, updated_at, calendar_id, created_by_id, operator_id) FROM stdin;
1	2025-10-19	2025-10-25	confirmed	calendar		2025-10-27 09:11:13.177003+00	2025-10-27 09:11:13.17701+00	17	\N	10
2	2025-10-19	2025-10-25	confirmed	calendar		2025-10-27 09:11:13.177018+00	2025-10-27 09:11:13.177019+00	17	\N	11
3	2025-10-19	2025-10-25	confirmed	calendar		2025-10-27 09:11:13.177025+00	2025-10-27 09:11:13.177026+00	17	\N	12
4	2025-10-19	2025-10-25	confirmed	calendar		2025-10-27 09:11:13.177032+00	2025-10-27 09:11:13.177034+00	17	\N	13
5	2025-10-19	2025-10-25	confirmed	calendar		2025-10-27 09:11:13.177039+00	2025-10-27 09:11:13.17704+00	17	\N	15
6	2025-10-28	2025-10-29	planned	manual	xx	2025-10-27 10:06:42.162292+00	2025-10-27 10:07:01.685764+00	\N	24	7
\.


--
-- Data for Name: calendario_positioncategory; Type: TABLE DATA; Schema: public; Owner: -
--

COPY public.calendario_positioncategory (id, code, name, shift_type, extra_day_limit, overtime_points, is_active, overload_alert_level, rest_min_frequency, rest_min_consecutive_days, rest_max_consecutive_days, rest_post_shift_days, rest_monthly_days) FROM stdin;
1	GALPONERO_PRODUCCION_DIA	Galponero producción día	day	3	1	t	warn	6	5	8	0	5
2	GALPONERO_LEVANTE_DIA	Galponero levante día	day	3	1	t	warn	6	5	8	0	5
3	GALPONERO_PRODUCCION_NOCHE	Galponero producción noche	night	2	1	t	warn	6	5	8	0	5
4	GALPONERO_LEVANTE_NOCHE	Galponero levante noche	night	2	1	t	warn	6	5	8	0	5
5	CLASIFICADOR_DIA	Clasificador día	day	3	1	t	warn	6	5	8	0	5
6	CLASIFICADOR_NOCHE	Clasificador noche	night	2	1	t	warn	6	5	8	0	5
7	LIDER_GRANJA	Líder de granja	mixed	3	1	t	warn	6	5	8	0	5
8	SUPERVISOR	Supervisor	day	3	1	t	warn	6	5	8	0	5
9	LIDER_TECNICO	Líder técnico	day	3	1	t	warn	6	5	8	0	5
10	OFICIOS_VARIOS	Oficios varios	day	3	1	t	warn	6	5	8	0	5
\.


--
-- Data for Name: calendario_positiondefinition; Type: TABLE DATA; Schema: public; Owner: -
--

COPY public.calendario_positiondefinition (id, name, code, complexity, allow_lower_complexity, valid_from, valid_until, is_active, notes, chicken_house_id, farm_id, display_order, category_id) FROM stdin;
19	prueba inactiva	17	basic	f	2025-10-13	2025-10-31	f		2	1	17	2
5	Colina 1: G2/G3	3	basic	t	2025-10-01	2025-10-23	t		2	1	3	1
4	Colina 1: G1	2	advanced	t	2025-10-01	2025-11-30	f		1	1	2	1
3	Líder Colina 1	1	intermediate	t	2025-10-01	2025-11-30	t		\N	1	1	7
6	Colina 1: G4	4	intermediate	t	2025-10-01	2025-11-30	t		4	1	4	1
9	Colina 1: Oficios varios	7	basic	t	2025-10-01	2025-11-30	t		\N	1	6	10
8	Colina 1: Prueba	6	basic	t	2025-10-01	2025-11-30	t		\N	1	7	1
10	Colina 1: Noche	8	intermediate	t	2025-10-01	2025-11-30	t		\N	1	8	3
12	Colina 2: G1 - 1	10	intermediate	t	2025-10-01	2025-11-30	t		6	2	9	1
7	Colina 1: G5	5	intermediate	t	2025-10-01	2025-11-30	t		5	1	5	1
13	Colina 2: Noche	11	intermediate	t	2025-10-01	2025-11-30	t		6	2	11	3
14	Colina 2: G2 Día - 1	12	intermediate	t	2025-10-01	2025-11-30	t		7	2	12	2
15	Colina 2: G2 Día - 2	13	intermediate	t	2025-10-01	2025-11-30	t		7	2	13	2
16	Colina 2: G2 Noche - 1	14	intermediate	t	2025-10-01	2025-11-30	t		7	2	14	4
11	Colina 2: G1 - 2	9	intermediate	t	2025-10-01	2025-11-30	t		6	2	10	1
17	Colina 2: G2 Noche - 2	15	intermediate	t	2025-10-01	2025-11-30	t		7	2	15	4
18	Colina 2: Prueba	16	basic	t	2025-10-01	2025-11-30	t		6	2	16	1
\.


--
-- Data for Name: calendario_positiondefinition_rooms; Type: TABLE DATA; Schema: public; Owner: -
--

COPY public.calendario_positiondefinition_rooms (id, positiondefinition_id, room_id) FROM stdin;
1	12	16
2	12	17
3	12	15
4	4	1
5	4	2
6	4	3
7	4	4
8	4	5
9	5	6
10	5	8
11	5	9
12	6	24
13	6	21
14	6	22
15	6	23
16	11	18
17	11	19
18	13	15
19	13	16
20	13	17
21	13	18
22	13	19
23	14	25
24	15	26
25	15	27
26	16	25
27	16	26
28	17	26
29	17	27
\.


--
-- Data for Name: calendario_shiftassignment; Type: TABLE DATA; Schema: public; Owner: -
--

COPY public.calendario_shiftassignment (id, date, is_auto_assigned, alert_level, is_overtime, notes, created_at, updated_at, operator_id, position_id, calendar_id, overtime_points) FROM stdin;
1003	2025-10-26	t	none	f		2025-10-27 08:23:29.703946+00	2025-10-27 08:23:29.703956+00	23	3	16	0
1004	2025-10-26	t	none	f		2025-10-27 08:23:29.703969+00	2025-10-27 08:23:29.703972+00	2	6	16	0
1005	2025-10-26	t	none	f		2025-10-27 08:23:29.703983+00	2025-10-27 08:23:29.703985+00	3	7	16	0
1006	2025-10-26	t	none	f		2025-10-27 08:23:29.703995+00	2025-10-27 08:23:29.703997+00	14	9	16	0
1007	2025-10-26	t	none	f		2025-10-27 08:23:29.704008+00	2025-10-27 08:23:29.70401+00	4	8	16	0
1008	2025-10-26	t	none	f		2025-10-27 08:23:29.70402+00	2025-10-27 08:23:29.704022+00	5	10	16	0
1009	2025-10-26	t	none	f		2025-10-27 08:23:29.704032+00	2025-10-27 08:23:29.704034+00	6	12	16	0
1010	2025-10-26	t	none	f		2025-10-27 08:23:29.704045+00	2025-10-27 08:23:29.704047+00	7	11	16	0
1011	2025-10-26	t	none	f		2025-10-27 08:23:29.704057+00	2025-10-27 08:23:29.704059+00	9	13	16	0
1012	2025-10-26	t	none	f		2025-10-27 08:23:29.704069+00	2025-10-27 08:23:29.704073+00	16	14	16	0
1013	2025-10-26	t	none	f		2025-10-27 08:23:29.704083+00	2025-10-27 08:23:29.704085+00	17	15	16	0
1014	2025-10-26	t	none	f		2025-10-27 08:23:29.704095+00	2025-10-27 08:23:29.704097+00	18	16	16	0
1015	2025-10-26	t	none	f		2025-10-27 08:23:29.704107+00	2025-10-27 08:23:29.704109+00	20	17	16	0
1016	2025-10-26	t	none	f		2025-10-27 08:23:29.704118+00	2025-10-27 08:23:29.70412+00	22	18	16	0
1017	2025-10-27	t	none	f		2025-10-27 08:23:29.70413+00	2025-10-27 08:23:29.704132+00	23	3	16	0
1018	2025-10-27	t	none	f		2025-10-27 08:23:29.704142+00	2025-10-27 08:23:29.704144+00	2	6	16	0
1019	2025-10-27	t	none	f		2025-10-27 08:23:29.704154+00	2025-10-27 08:23:29.704156+00	3	7	16	0
1020	2025-10-27	t	none	f		2025-10-27 08:23:29.704165+00	2025-10-27 08:23:29.704167+00	14	9	16	0
1021	2025-10-27	t	none	f		2025-10-27 08:23:29.704177+00	2025-10-27 08:23:29.704182+00	4	8	16	0
1022	2025-10-27	t	warn	f	Revisar rotación posterior a nocturnos	2025-10-27 08:23:29.704192+00	2025-10-27 08:23:29.704214+00	5	10	16	0
1023	2025-10-27	t	none	f		2025-10-27 08:23:29.704225+00	2025-10-27 08:23:29.704227+00	6	12	16	0
1024	2025-10-27	t	none	f		2025-10-27 08:23:29.704237+00	2025-10-27 08:23:29.704239+00	7	11	16	0
1025	2025-10-27	t	warn	f	Revisar rotación posterior a nocturnos	2025-10-27 08:23:29.704249+00	2025-10-27 08:23:29.704251+00	9	13	16	0
1026	2025-10-27	t	none	f		2025-10-27 08:23:29.704261+00	2025-10-27 08:23:29.704263+00	16	14	16	0
1027	2025-10-27	t	none	f		2025-10-27 08:23:29.704273+00	2025-10-27 08:23:29.704275+00	17	15	16	0
1028	2025-10-27	t	warn	f	Revisar rotación posterior a nocturnos	2025-10-27 08:23:29.704285+00	2025-10-27 08:23:29.704287+00	18	16	16	0
1029	2025-10-27	t	warn	f	Revisar rotación posterior a nocturnos	2025-10-27 08:23:29.7043+00	2025-10-27 08:23:29.704302+00	20	17	16	0
1030	2025-10-27	t	none	f		2025-10-27 08:23:29.704311+00	2025-10-27 08:23:29.704313+00	22	18	16	0
1031	2025-10-28	t	none	f		2025-10-27 08:23:29.704323+00	2025-10-27 08:23:29.704325+00	23	3	16	0
1032	2025-10-28	t	none	f		2025-10-27 08:23:29.704334+00	2025-10-27 08:23:29.704336+00	2	6	16	0
1033	2025-10-28	t	none	f		2025-10-27 08:23:29.704346+00	2025-10-27 08:23:29.704348+00	3	7	16	0
1034	2025-10-28	t	none	f		2025-10-27 08:23:29.704357+00	2025-10-27 08:23:29.704359+00	14	9	16	0
1035	2025-10-28	t	none	f		2025-10-27 08:23:29.704371+00	2025-10-27 08:23:29.704373+00	4	8	16	0
1036	2025-10-28	t	warn	f	Revisar rotación posterior a nocturnos	2025-10-27 08:23:29.704383+00	2025-10-27 08:23:29.704389+00	5	10	16	0
1037	2025-10-28	t	none	f		2025-10-27 08:23:29.704403+00	2025-10-27 08:23:29.704405+00	6	12	16	0
1038	2025-10-28	t	none	f		2025-10-27 08:23:29.704415+00	2025-10-27 08:23:29.704417+00	7	11	16	0
1039	2025-10-28	t	warn	f	Revisar rotación posterior a nocturnos	2025-10-27 08:23:29.704427+00	2025-10-27 08:23:29.704429+00	9	13	16	0
1040	2025-10-28	t	none	f		2025-10-27 08:23:29.704438+00	2025-10-27 08:23:29.70444+00	16	14	16	0
1041	2025-10-28	t	none	f		2025-10-27 08:23:29.70445+00	2025-10-27 08:23:29.704451+00	17	15	16	0
1042	2025-10-28	t	warn	f	Revisar rotación posterior a nocturnos	2025-10-27 08:23:29.704461+00	2025-10-27 08:23:29.704463+00	18	16	16	0
1043	2025-10-28	t	warn	f	Revisar rotación posterior a nocturnos	2025-10-27 08:23:29.704472+00	2025-10-27 08:23:29.704474+00	20	17	16	0
1044	2025-10-28	t	none	f		2025-10-27 08:23:29.704484+00	2025-10-27 08:23:29.704486+00	22	18	16	0
1045	2025-10-29	t	none	f		2025-10-27 08:23:29.704495+00	2025-10-27 08:23:29.704497+00	23	3	16	0
1046	2025-10-29	t	none	f		2025-10-27 08:23:29.704507+00	2025-10-27 08:23:29.704509+00	2	6	16	0
1047	2025-10-29	t	none	f		2025-10-27 08:23:29.704518+00	2025-10-27 08:23:29.70452+00	3	7	16	0
1048	2025-10-29	t	none	f		2025-10-27 08:23:29.70453+00	2025-10-27 08:23:29.704532+00	14	9	16	0
1049	2025-10-29	t	none	f		2025-10-27 08:23:29.704542+00	2025-10-27 08:23:29.704543+00	4	8	16	0
1050	2025-10-29	t	warn	f	Revisar rotación posterior a nocturnos	2025-10-27 08:23:29.704553+00	2025-10-27 08:23:29.704555+00	5	10	16	0
1051	2025-10-29	t	none	f		2025-10-27 08:23:29.704564+00	2025-10-27 08:23:29.704566+00	6	12	16	0
1052	2025-10-29	t	none	f		2025-10-27 08:23:29.704576+00	2025-10-27 08:23:29.704578+00	7	11	16	0
1053	2025-10-29	t	warn	f	Revisar rotación posterior a nocturnos	2025-10-27 08:23:29.704588+00	2025-10-27 08:23:29.70459+00	9	13	16	0
1054	2025-10-29	t	none	f		2025-10-27 08:23:29.704599+00	2025-10-27 08:23:29.704601+00	16	14	16	0
1055	2025-10-29	t	none	f		2025-10-27 08:23:29.704611+00	2025-10-27 08:23:29.704613+00	17	15	16	0
1056	2025-10-29	t	warn	f	Revisar rotación posterior a nocturnos	2025-10-27 08:23:29.704623+00	2025-10-27 08:23:29.704625+00	18	16	16	0
1057	2025-10-29	t	warn	f	Revisar rotación posterior a nocturnos	2025-10-27 08:23:29.704634+00	2025-10-27 08:23:29.704636+00	20	17	16	0
1058	2025-10-29	t	none	f		2025-10-27 08:23:29.704646+00	2025-10-27 08:23:29.704647+00	22	18	16	0
1059	2025-10-30	t	none	f		2025-10-27 08:23:29.704657+00	2025-10-27 08:23:29.704659+00	23	3	16	0
1060	2025-10-30	t	none	f		2025-10-27 08:23:29.704669+00	2025-10-27 08:23:29.70467+00	2	6	16	0
1061	2025-10-30	t	none	f		2025-10-27 08:23:29.704682+00	2025-10-27 08:23:29.704684+00	3	7	16	0
1062	2025-10-30	t	none	f		2025-10-27 08:23:29.704694+00	2025-10-27 08:23:29.704696+00	14	9	16	0
1063	2025-10-30	t	none	f		2025-10-27 08:23:29.704705+00	2025-10-27 08:23:29.70471+00	4	8	16	0
1064	2025-10-30	t	warn	f	Revisar rotación posterior a nocturnos	2025-10-27 08:23:29.70472+00	2025-10-27 08:23:29.704722+00	5	10	16	0
1065	2025-10-30	t	none	f		2025-10-27 08:23:29.704731+00	2025-10-27 08:23:29.704733+00	6	12	16	0
1066	2025-10-30	t	none	f		2025-10-27 08:23:29.704743+00	2025-10-27 08:23:29.704745+00	7	11	16	0
1067	2025-10-30	t	warn	f	Revisar rotación posterior a nocturnos	2025-10-27 08:23:29.704755+00	2025-10-27 08:23:29.704757+00	9	13	16	0
1068	2025-10-30	t	none	f		2025-10-27 08:23:29.704766+00	2025-10-27 08:23:29.704768+00	16	14	16	0
1069	2025-10-30	t	none	f		2025-10-27 08:23:29.704778+00	2025-10-27 08:23:29.70478+00	17	15	16	0
1070	2025-10-30	t	warn	f	Revisar rotación posterior a nocturnos	2025-10-27 08:23:29.70479+00	2025-10-27 08:23:29.704792+00	18	16	16	0
1071	2025-10-30	t	warn	f	Revisar rotación posterior a nocturnos	2025-10-27 08:23:29.704801+00	2025-10-27 08:23:29.704803+00	20	17	16	0
1072	2025-10-30	t	none	f		2025-10-27 08:23:29.704813+00	2025-10-27 08:23:29.704815+00	22	18	16	0
1073	2025-10-31	t	none	f		2025-10-27 08:23:29.704824+00	2025-10-27 08:23:29.704826+00	23	3	16	0
1074	2025-10-31	t	none	f		2025-10-27 08:23:29.704836+00	2025-10-27 08:23:29.704838+00	2	6	16	0
1075	2025-10-31	t	none	f		2025-10-27 08:23:29.704847+00	2025-10-27 08:23:29.704852+00	3	7	16	0
1076	2025-10-31	t	none	f		2025-10-27 08:23:29.704861+00	2025-10-27 08:23:29.704863+00	14	9	16	0
1077	2025-10-31	t	none	f		2025-10-27 08:23:29.704873+00	2025-10-27 08:23:29.704875+00	4	8	16	0
1078	2025-10-31	t	warn	f	Revisar rotación posterior a nocturnos	2025-10-27 08:23:29.704885+00	2025-10-27 08:23:29.704888+00	5	10	16	0
1079	2025-10-31	t	none	f		2025-10-27 08:23:29.704898+00	2025-10-27 08:23:29.7049+00	6	12	16	0
1080	2025-10-31	t	none	f		2025-10-27 08:23:29.70491+00	2025-10-27 08:23:29.704912+00	7	11	16	0
1081	2025-10-31	t	warn	f	Revisar rotación posterior a nocturnos	2025-10-27 08:23:29.704922+00	2025-10-27 08:23:29.704924+00	9	13	16	0
1082	2025-10-31	t	none	f		2025-10-27 08:23:29.704933+00	2025-10-27 08:23:29.704935+00	16	14	16	0
1083	2025-10-31	t	none	f		2025-10-27 08:23:29.704945+00	2025-10-27 08:23:29.704947+00	17	15	16	0
1084	2025-10-31	t	warn	f	Revisar rotación posterior a nocturnos	2025-10-27 08:23:29.704956+00	2025-10-27 08:23:29.704958+00	18	16	16	0
1085	2025-10-31	t	warn	f	Revisar rotación posterior a nocturnos	2025-10-27 08:23:29.704968+00	2025-10-27 08:23:29.70497+00	20	17	16	0
1086	2025-10-31	t	none	f		2025-10-27 08:23:29.70498+00	2025-10-27 08:23:29.704982+00	22	18	16	0
1087	2025-11-01	t	none	f		2025-10-27 08:23:29.704991+00	2025-10-27 08:23:29.704993+00	23	3	16	0
1088	2025-11-01	t	none	f		2025-10-27 08:23:29.705003+00	2025-10-27 08:23:29.705005+00	2	6	16	0
1089	2025-11-01	t	none	f		2025-10-27 08:23:29.705014+00	2025-10-27 08:23:29.705016+00	3	7	16	0
1090	2025-11-01	t	none	f		2025-10-27 08:23:29.705026+00	2025-10-27 08:23:29.705028+00	14	9	16	0
1091	2025-11-01	t	none	f		2025-10-27 08:23:29.705037+00	2025-10-27 08:23:29.705039+00	4	8	16	0
1092	2025-11-01	t	warn	f	Revisar rotación posterior a nocturnos	2025-10-27 08:23:29.705052+00	2025-10-27 08:23:29.705054+00	5	10	16	0
1093	2025-11-01	t	none	f		2025-10-27 08:23:29.705063+00	2025-10-27 08:23:29.705065+00	6	12	16	0
1094	2025-11-01	t	none	f		2025-10-27 08:23:29.705075+00	2025-10-27 08:23:29.705077+00	7	11	16	0
1095	2025-11-01	t	warn	f	Revisar rotación posterior a nocturnos	2025-10-27 08:23:29.705087+00	2025-10-27 08:23:29.705089+00	9	13	16	0
1096	2025-11-01	t	none	f		2025-10-27 08:23:29.705098+00	2025-10-27 08:23:29.7051+00	16	14	16	0
1097	2025-11-01	t	none	f		2025-10-27 08:23:29.70511+00	2025-10-27 08:23:29.705112+00	17	15	16	0
1098	2025-11-01	t	warn	f	Revisar rotación posterior a nocturnos	2025-10-27 08:23:29.705122+00	2025-10-27 08:23:29.705124+00	18	16	16	0
1099	2025-11-01	t	warn	f	Revisar rotación posterior a nocturnos	2025-10-27 08:23:29.705134+00	2025-10-27 08:23:29.705136+00	20	17	16	0
1100	2025-11-01	t	none	f		2025-10-27 08:23:29.705145+00	2025-10-27 08:23:29.705147+00	22	18	16	0
1101	2025-11-02	t	none	f		2025-10-27 08:23:29.705157+00	2025-10-27 08:23:29.705159+00	23	3	16	0
1102	2025-11-02	t	none	f		2025-10-27 08:23:29.705168+00	2025-10-27 08:23:29.70517+00	2	6	16	0
1103	2025-11-02	t	none	f		2025-10-27 08:23:29.712673+00	2025-10-27 08:23:29.712681+00	3	7	16	0
1104	2025-11-02	t	none	f		2025-10-27 08:23:29.712693+00	2025-10-27 08:23:29.712695+00	14	9	16	0
1105	2025-11-02	t	none	f		2025-10-27 08:23:29.712711+00	2025-10-27 08:23:29.712713+00	4	8	16	0
1106	2025-11-02	t	warn	f	Revisar rotación posterior a nocturnos	2025-10-27 08:23:29.712726+00	2025-10-27 08:23:29.712728+00	5	10	16	0
1107	2025-11-02	t	none	f		2025-10-27 08:23:29.712758+00	2025-10-27 08:23:29.712763+00	6	12	16	0
1108	2025-11-02	t	none	f		2025-10-27 08:23:29.712776+00	2025-10-27 08:23:29.712782+00	7	11	16	0
1109	2025-11-02	t	warn	f	Revisar rotación posterior a nocturnos	2025-10-27 08:23:29.712792+00	2025-10-27 08:23:29.712794+00	9	13	16	0
1110	2025-11-02	t	none	f		2025-10-27 08:23:29.712806+00	2025-10-27 08:23:29.712808+00	16	14	16	0
1111	2025-11-02	t	none	f		2025-10-27 08:23:29.71282+00	2025-10-27 08:23:29.712822+00	17	15	16	0
1112	2025-11-02	t	warn	f	Revisar rotación posterior a nocturnos	2025-10-27 08:23:29.712831+00	2025-10-27 08:23:29.712836+00	18	16	16	0
1113	2025-11-02	t	warn	f	Revisar rotación posterior a nocturnos	2025-10-27 08:23:29.712845+00	2025-10-27 08:23:29.712847+00	20	17	16	0
1114	2025-11-02	t	none	f		2025-10-27 08:23:29.712856+00	2025-10-27 08:23:29.712858+00	22	18	16	0
1115	2025-10-19	t	none	f		2025-10-27 09:11:13.128339+00	2025-10-27 09:11:13.128347+00	23	3	17	0
1116	2025-10-19	t	none	f		2025-10-27 09:11:13.128364+00	2025-10-27 09:11:13.12837+00	2	5	17	0
1117	2025-10-19	t	none	f		2025-10-27 09:11:13.128382+00	2025-10-27 09:11:13.128388+00	3	6	17	0
1118	2025-10-19	t	none	f		2025-10-27 09:11:13.128399+00	2025-10-27 09:11:13.128401+00	4	7	17	0
1119	2025-10-19	t	none	f		2025-10-27 09:11:13.128411+00	2025-10-27 09:11:13.128414+00	14	9	17	0
1120	2025-10-19	t	none	f		2025-10-27 09:11:13.128444+00	2025-10-27 09:11:13.128447+00	22	8	17	0
1121	2025-10-19	t	none	f		2025-10-27 09:11:13.128457+00	2025-10-27 09:11:13.128464+00	5	10	17	0
1122	2025-10-19	t	none	f		2025-10-27 09:11:13.128474+00	2025-10-27 09:11:13.12848+00	6	12	17	0
1123	2025-10-19	t	none	f		2025-10-27 09:11:13.12849+00	2025-10-27 09:11:13.128492+00	7	11	17	0
1124	2025-10-19	t	none	f		2025-10-27 09:11:13.128506+00	2025-10-27 09:11:13.128508+00	9	13	17	0
1125	2025-10-19	t	none	f		2025-10-27 09:11:13.128518+00	2025-10-27 09:11:13.12852+00	16	14	17	0
1126	2025-10-19	t	none	f		2025-10-27 09:11:13.12853+00	2025-10-27 09:11:13.128532+00	17	15	17	0
1127	2025-10-19	t	none	f		2025-10-27 09:11:13.128545+00	2025-10-27 09:11:13.128547+00	18	16	17	0
1128	2025-10-19	t	none	f		2025-10-27 09:11:13.128557+00	2025-10-27 09:11:13.12856+00	20	17	17	0
1129	2025-10-20	t	none	f		2025-10-27 09:11:13.128569+00	2025-10-27 09:11:13.128571+00	23	3	17	0
1130	2025-10-20	t	none	f		2025-10-27 09:11:13.128581+00	2025-10-27 09:11:13.128583+00	2	5	17	0
1131	2025-10-20	t	none	f		2025-10-27 09:11:13.128593+00	2025-10-27 09:11:13.128595+00	3	6	17	0
1132	2025-10-20	t	none	f		2025-10-27 09:11:13.128605+00	2025-10-27 09:11:13.128607+00	4	7	17	0
1133	2025-10-20	t	none	f		2025-10-27 09:11:13.128617+00	2025-10-27 09:11:13.128619+00	14	9	17	0
1134	2025-10-20	t	none	f		2025-10-27 09:11:13.128629+00	2025-10-27 09:11:13.128631+00	22	8	17	0
1135	2025-10-20	t	warn	f	Revisar rotación posterior a nocturnos	2025-10-27 09:11:13.128644+00	2025-10-27 09:11:13.128646+00	5	10	17	0
1136	2025-10-20	t	none	f		2025-10-27 09:11:13.128656+00	2025-10-27 09:11:13.128658+00	6	12	17	0
1137	2025-10-20	t	none	f		2025-10-27 09:11:13.128668+00	2025-10-27 09:11:13.12867+00	7	11	17	0
1138	2025-10-20	t	warn	f	Revisar rotación posterior a nocturnos	2025-10-27 09:11:13.128683+00	2025-10-27 09:11:13.128685+00	9	13	17	0
1139	2025-10-20	t	none	f		2025-10-27 09:11:13.128696+00	2025-10-27 09:11:13.128698+00	16	14	17	0
1140	2025-10-20	t	none	f		2025-10-27 09:11:13.128708+00	2025-10-27 09:11:13.12871+00	17	15	17	0
1141	2025-10-20	t	warn	f	Revisar rotación posterior a nocturnos	2025-10-27 09:11:13.12872+00	2025-10-27 09:11:13.128721+00	18	16	17	0
1142	2025-10-20	t	warn	f	Revisar rotación posterior a nocturnos	2025-10-27 09:11:13.128732+00	2025-10-27 09:11:13.128734+00	20	17	17	0
1143	2025-10-21	t	none	f		2025-10-27 09:11:13.128744+00	2025-10-27 09:11:13.128746+00	23	3	17	0
1144	2025-10-21	t	none	f		2025-10-27 09:11:13.128756+00	2025-10-27 09:11:13.128758+00	2	5	17	0
1145	2025-10-21	t	none	f		2025-10-27 09:11:13.128767+00	2025-10-27 09:11:13.128769+00	3	6	17	0
1146	2025-10-21	t	none	f		2025-10-27 09:11:13.128779+00	2025-10-27 09:11:13.128781+00	4	7	17	0
1147	2025-10-21	t	none	f		2025-10-27 09:11:13.12879+00	2025-10-27 09:11:13.128793+00	14	9	17	0
1148	2025-10-21	t	none	f		2025-10-27 09:11:13.128802+00	2025-10-27 09:11:13.128804+00	22	8	17	0
1149	2025-10-21	t	warn	f	Revisar rotación posterior a nocturnos	2025-10-27 09:11:13.128816+00	2025-10-27 09:11:13.128818+00	5	10	17	0
1150	2025-10-21	t	none	f		2025-10-27 09:11:13.128828+00	2025-10-27 09:11:13.12883+00	6	12	17	0
1151	2025-10-21	t	none	f		2025-10-27 09:11:13.128841+00	2025-10-27 09:11:13.128843+00	7	11	17	0
1152	2025-10-21	t	warn	f	Revisar rotación posterior a nocturnos	2025-10-27 09:11:13.128853+00	2025-10-27 09:11:13.128855+00	9	13	17	0
1153	2025-10-21	t	none	f		2025-10-27 09:11:13.128864+00	2025-10-27 09:11:13.128866+00	16	14	17	0
1154	2025-10-21	t	none	f		2025-10-27 09:11:13.128876+00	2025-10-27 09:11:13.128878+00	17	15	17	0
1155	2025-10-21	t	warn	f	Revisar rotación posterior a nocturnos	2025-10-27 09:11:13.12889+00	2025-10-27 09:11:13.128892+00	18	16	17	0
1156	2025-10-21	t	warn	f	Revisar rotación posterior a nocturnos	2025-10-27 09:11:13.128912+00	2025-10-27 09:11:13.128914+00	20	17	17	0
1157	2025-10-22	t	none	f		2025-10-27 09:11:13.128924+00	2025-10-27 09:11:13.128926+00	23	3	17	0
1158	2025-10-22	t	none	f		2025-10-27 09:11:13.128936+00	2025-10-27 09:11:13.128938+00	2	5	17	0
1159	2025-10-22	t	none	f		2025-10-27 09:11:13.128948+00	2025-10-27 09:11:13.12895+00	3	6	17	0
1160	2025-10-22	t	none	f		2025-10-27 09:11:13.12896+00	2025-10-27 09:11:13.128962+00	4	7	17	0
1161	2025-10-22	t	none	f		2025-10-27 09:11:13.128972+00	2025-10-27 09:11:13.128974+00	14	9	17	0
1162	2025-10-22	t	none	f		2025-10-27 09:11:13.128986+00	2025-10-27 09:11:13.128988+00	22	8	17	0
1163	2025-10-22	t	warn	f	Revisar rotación posterior a nocturnos	2025-10-27 09:11:13.128997+00	2025-10-27 09:11:13.128999+00	5	10	17	0
1164	2025-10-22	t	none	f		2025-10-27 09:11:13.129009+00	2025-10-27 09:11:13.129011+00	6	12	17	0
1165	2025-10-22	t	none	f		2025-10-27 09:11:13.129021+00	2025-10-27 09:11:13.129023+00	7	11	17	0
1166	2025-10-22	t	warn	f	Revisar rotación posterior a nocturnos	2025-10-27 09:11:13.129037+00	2025-10-27 09:11:13.129039+00	9	13	17	0
1167	2025-10-22	t	none	f		2025-10-27 09:11:13.129049+00	2025-10-27 09:11:13.129051+00	16	14	17	0
1168	2025-10-22	t	none	f		2025-10-27 09:11:13.129061+00	2025-10-27 09:11:13.129063+00	17	15	17	0
1169	2025-10-22	t	warn	f	Revisar rotación posterior a nocturnos	2025-10-27 09:11:13.129074+00	2025-10-27 09:11:13.129076+00	18	16	17	0
1170	2025-10-22	t	warn	f	Revisar rotación posterior a nocturnos	2025-10-27 09:11:13.129085+00	2025-10-27 09:11:13.129087+00	20	17	17	0
1171	2025-10-23	t	none	f		2025-10-27 09:11:13.129097+00	2025-10-27 09:11:13.1291+00	23	3	17	0
1172	2025-10-23	t	none	f		2025-10-27 09:11:13.12911+00	2025-10-27 09:11:13.129112+00	2	5	17	0
1173	2025-10-23	t	none	f		2025-10-27 09:11:13.129122+00	2025-10-27 09:11:13.129124+00	3	6	17	0
1174	2025-10-23	t	none	f		2025-10-27 09:11:13.129134+00	2025-10-27 09:11:13.129136+00	4	7	17	0
1175	2025-10-23	t	none	f		2025-10-27 09:11:13.129146+00	2025-10-27 09:11:13.129148+00	14	9	17	0
1176	2025-10-23	t	none	f		2025-10-27 09:11:13.129157+00	2025-10-27 09:11:13.129159+00	22	8	17	0
1177	2025-10-23	t	warn	f	Revisar rotación posterior a nocturnos	2025-10-27 09:11:13.129169+00	2025-10-27 09:11:13.129171+00	5	10	17	0
1178	2025-10-23	t	none	f		2025-10-27 09:11:13.129184+00	2025-10-27 09:11:13.129186+00	6	12	17	0
1179	2025-10-23	t	none	f		2025-10-27 09:11:13.129196+00	2025-10-27 09:11:13.129198+00	7	11	17	0
1180	2025-10-23	t	warn	f	Revisar rotación posterior a nocturnos	2025-10-27 09:11:13.129208+00	2025-10-27 09:11:13.129211+00	9	13	17	0
1181	2025-10-23	t	none	f		2025-10-27 09:11:13.129223+00	2025-10-27 09:11:13.129225+00	16	14	17	0
1182	2025-10-23	t	none	f		2025-10-27 09:11:13.129235+00	2025-10-27 09:11:13.129237+00	17	15	17	0
1183	2025-10-23	t	warn	f	Revisar rotación posterior a nocturnos	2025-10-27 09:11:13.12925+00	2025-10-27 09:11:13.129252+00	18	16	17	0
1184	2025-10-23	t	warn	f	Revisar rotación posterior a nocturnos	2025-10-27 09:11:13.129261+00	2025-10-27 09:11:13.129264+00	20	17	17	0
1185	2025-10-24	t	none	f		2025-10-27 09:11:13.129276+00	2025-10-27 09:11:13.129278+00	23	3	17	0
1186	2025-10-24	t	none	f		2025-10-27 09:11:13.129288+00	2025-10-27 09:11:13.12929+00	2	6	17	0
1187	2025-10-24	t	none	f		2025-10-27 09:11:13.129303+00	2025-10-27 09:11:13.129305+00	3	7	17	0
1188	2025-10-24	t	none	f		2025-10-27 09:11:13.129319+00	2025-10-27 09:11:13.129321+00	14	9	17	0
1189	2025-10-24	t	none	f		2025-10-27 09:11:13.129331+00	2025-10-27 09:11:13.129333+00	4	8	17	0
1190	2025-10-24	t	warn	f	Revisar rotación posterior a nocturnos	2025-10-27 09:11:13.129343+00	2025-10-27 09:11:13.129345+00	5	10	17	0
1191	2025-10-24	t	none	f		2025-10-27 09:11:13.129354+00	2025-10-27 09:11:13.129356+00	6	12	17	0
1192	2025-10-24	t	none	f		2025-10-27 09:11:13.129369+00	2025-10-27 09:11:13.129371+00	7	11	17	0
1193	2025-10-24	t	warn	f	Revisar rotación posterior a nocturnos	2025-10-27 09:11:13.129381+00	2025-10-27 09:11:13.129383+00	9	13	17	0
1194	2025-10-24	t	none	f		2025-10-27 09:11:13.129392+00	2025-10-27 09:11:13.129394+00	16	14	17	0
1195	2025-10-24	t	none	f		2025-10-27 09:11:13.129405+00	2025-10-27 09:11:13.129407+00	17	15	17	0
1196	2025-10-24	t	warn	f	Revisar rotación posterior a nocturnos	2025-10-27 09:11:13.129416+00	2025-10-27 09:11:13.129418+00	18	16	17	0
1197	2025-10-24	t	warn	f	Revisar rotación posterior a nocturnos	2025-10-27 09:11:13.129447+00	2025-10-27 09:11:13.129449+00	20	17	17	0
1198	2025-10-24	t	none	f		2025-10-27 09:11:13.129462+00	2025-10-27 09:11:13.129464+00	22	18	17	0
1199	2025-10-25	t	none	f		2025-10-27 09:11:13.129474+00	2025-10-27 09:11:13.129476+00	23	3	17	0
1200	2025-10-25	t	none	f		2025-10-27 09:11:13.129486+00	2025-10-27 09:11:13.129488+00	2	6	17	0
1201	2025-10-25	t	none	f		2025-10-27 09:11:13.129498+00	2025-10-27 09:11:13.1295+00	3	7	17	0
1202	2025-10-25	t	none	f		2025-10-27 09:11:13.12951+00	2025-10-27 09:11:13.129512+00	14	9	17	0
1203	2025-10-25	t	none	f		2025-10-27 09:11:13.129522+00	2025-10-27 09:11:13.129524+00	4	8	17	0
1204	2025-10-25	t	warn	f	Revisar rotación posterior a nocturnos	2025-10-27 09:11:13.129533+00	2025-10-27 09:11:13.129536+00	5	10	17	0
1205	2025-10-25	t	none	f		2025-10-27 09:11:13.129545+00	2025-10-27 09:11:13.129547+00	6	12	17	0
1206	2025-10-25	t	none	f		2025-10-27 09:11:13.129557+00	2025-10-27 09:11:13.129559+00	7	11	17	0
1207	2025-10-25	t	warn	f	Revisar rotación posterior a nocturnos	2025-10-27 09:11:13.129569+00	2025-10-27 09:11:13.129571+00	9	13	17	0
1208	2025-10-25	t	none	f		2025-10-27 09:11:13.129581+00	2025-10-27 09:11:13.129583+00	16	14	17	0
1209	2025-10-25	t	none	f		2025-10-27 09:11:13.129592+00	2025-10-27 09:11:13.129594+00	17	15	17	0
1210	2025-10-25	t	warn	f	Revisar rotación posterior a nocturnos	2025-10-27 09:11:13.129606+00	2025-10-27 09:11:13.129608+00	18	16	17	0
1211	2025-10-25	t	warn	f	Revisar rotación posterior a nocturnos	2025-10-27 09:11:13.129618+00	2025-10-27 09:11:13.12962+00	20	17	17	0
1212	2025-10-25	t	none	f		2025-10-27 09:11:13.12963+00	2025-10-27 09:11:13.129632+00	22	18	17	0
\.


--
-- Data for Name: calendario_shiftcalendar; Type: TABLE DATA; Schema: public; Owner: -
--

COPY public.calendario_shiftcalendar (id, name, start_date, end_date, status, approved_at, notes, created_at, updated_at, approved_by_id, base_calendar_id, created_by_id) FROM stdin;
16	jj	2025-10-26	2025-11-02	draft	\N		2025-10-27 08:23:29.683423+00	2025-10-27 08:23:29.68344+00	\N	\N	24
17	Jhon Jevis Vergara Baza	2025-10-19	2025-10-25	draft	\N		2025-10-27 09:11:13.109091+00	2025-10-27 09:11:13.109098+00	\N	\N	24
\.


--
-- Data for Name: calendario_workloadsnapshot; Type: TABLE DATA; Schema: public; Owner: -
--

COPY public.calendario_workloadsnapshot (id, total_shifts, day_shifts, night_shifts, rest_days, overtime_days, month_reference, calendar_id, operator_id, overtime_points_total) FROM stdin;
174	6	6	0	0	0	2025-10-01	16	2	0
175	2	2	0	0	0	2025-11-01	16	2	0
176	6	6	0	0	0	2025-10-01	16	3	0
177	2	2	0	0	0	2025-11-01	16	3	0
178	6	6	0	0	0	2025-10-01	16	4	0
179	2	2	0	0	0	2025-11-01	16	4	0
180	6	0	6	0	0	2025-10-01	16	5	0
181	2	0	2	0	0	2025-11-01	16	5	0
182	6	6	0	0	0	2025-10-01	16	6	0
183	2	2	0	0	0	2025-11-01	16	6	0
184	6	6	0	0	0	2025-10-01	16	7	0
185	2	2	0	0	0	2025-11-01	16	7	0
186	6	0	6	0	0	2025-10-01	16	9	0
187	2	0	2	0	0	2025-11-01	16	9	0
188	6	6	0	0	0	2025-10-01	16	14	0
189	2	2	0	0	0	2025-11-01	16	14	0
190	6	6	0	0	0	2025-10-01	16	16	0
191	2	2	0	0	0	2025-11-01	16	16	0
192	6	6	0	0	0	2025-10-01	16	17	0
193	2	2	0	0	0	2025-11-01	16	17	0
194	6	0	6	0	0	2025-10-01	16	18	0
195	2	0	2	0	0	2025-11-01	16	18	0
196	6	0	6	0	0	2025-10-01	16	20	0
197	2	0	2	0	0	2025-11-01	16	20	0
198	6	6	0	0	0	2025-10-01	16	22	0
199	2	2	0	0	0	2025-11-01	16	22	0
200	6	6	0	0	0	2025-10-01	16	23	0
201	2	2	0	0	0	2025-11-01	16	23	0
202	7	7	0	0	0	2025-10-01	17	2	0
203	7	7	0	0	0	2025-10-01	17	3	0
204	7	7	0	0	0	2025-10-01	17	4	0
205	7	0	7	0	0	2025-10-01	17	5	0
206	7	7	0	0	0	2025-10-01	17	6	0
207	7	7	0	0	0	2025-10-01	17	7	0
208	7	0	7	0	0	2025-10-01	17	9	0
209	7	7	0	0	0	2025-10-01	17	14	0
210	7	7	0	0	0	2025-10-01	17	16	0
211	7	7	0	0	0	2025-10-01	17	17	0
212	7	0	7	0	0	2025-10-01	17	18	0
213	7	0	7	0	0	2025-10-01	17	20	0
214	7	7	0	0	0	2025-10-01	17	22	0
215	7	7	0	0	0	2025-10-01	17	23	0
\.


--
-- Data for Name: django_admin_log; Type: TABLE DATA; Schema: public; Owner: -
--

COPY public.django_admin_log (id, action_time, object_id, object_repr, action_flag, change_message, content_type_id, user_id) FROM stdin;
1	2025-10-25 12:22:07.477631+00	1	La Colina 1	1	[{"added": {}}, {"added": {"name": "Galpon", "object": "G1 (La Colina 1)"}}, {"added": {"name": "Galpon", "object": "G2 (La Colina 1)"}}, {"added": {"name": "Galpon", "object": "G3 (La Colina 1)"}}, {"added": {"name": "Galpon", "object": "G4 (La Colina 1)"}}]	19	1
2	2025-10-25 12:22:35.771418+00	1	G1 (La Colina 1)	2	[{"added": {"name": "Salon", "object": "S1 (G1)"}}, {"added": {"name": "Salon", "object": "S2 (G1)"}}, {"added": {"name": "Salon", "object": "S3 (G1)"}}, {"added": {"name": "Salon", "object": "S4 (G1)"}}, {"added": {"name": "Salon", "object": "S5 (G1)"}}]	20	1
3	2025-10-25 12:22:55.173002+00	2	G2 (La Colina 1)	2	[{"added": {"name": "Salon", "object": "S1 (G2)"}}, {"added": {"name": "Salon", "object": "S2 (G2)"}}, {"added": {"name": "Salon", "object": "S3 (G2)"}}, {"added": {"name": "Salon", "object": "S4 (G2)"}}]	20	1
4	2025-10-25 12:23:11.602346+00	3	G3 (La Colina 1)	2	[{"added": {"name": "Salon", "object": "S1 (G3)"}}, {"added": {"name": "Salon", "object": "S2 (G3)"}}, {"added": {"name": "Salon", "object": "S3 (G3)"}}]	20	1
5	2025-10-25 14:49:53.073636+00	5	G5 (La Colina 1)	1	[{"added": {}}, {"added": {"name": "Salon", "object": "S1 (G5)"}}, {"added": {"name": "Salon", "object": "S2 (G5)"}}]	20	1
6	2025-10-25 14:54:48.697394+00	2	La Colina 2	1	[{"added": {}}, {"added": {"name": "Galpon", "object": "G1 (La Colina 2)"}}, {"added": {"name": "Galpon", "object": "G2 (La Colina 2)"}}]	19	1
7	2025-10-25 14:56:24.107302+00	6	G1 (La Colina 2)	2	[{"added": {"name": "Salon", "object": "S1 (G1)"}}, {"added": {"name": "Salon", "object": "S2 (G1)"}}, {"added": {"name": "Salon", "object": "S3 (G1)"}}, {"added": {"name": "Salon", "object": "S4 (G1)"}}, {"added": {"name": "Salon", "object": "S5 (G1)"}}]	20	1
8	2025-10-25 16:05:43.900726+00	2	Cesar Olea (0)	1	[{"added": {}}]	17	1
9	2025-10-25 16:05:50.332426+00	2	Cesar Olea (0)	2	[]	17	1
10	2025-10-25 16:06:25.649888+00	3	Alex F (1)	1	[{"added": {}}]	17	1
11	2025-10-25 16:06:45.419205+00	4	Willian A (3)	1	[{"added": {}}]	17	1
12	2025-10-25 16:07:40.843184+00	5	Jose I (4)	1	[{"added": {}}]	17	1
13	2025-10-25 16:08:04.186648+00	6	Wilder S (5)	1	[{"added": {}}]	17	1
14	2025-10-25 16:08:24.695822+00	7	Esteban A (6)	1	[{"added": {}}]	17	1
15	2025-10-25 16:08:44.217651+00	8	Omar P (7)	1	[{"added": {}}]	17	1
16	2025-10-25 16:09:13.60364+00	9	Jonathan x (8)	1	[{"added": {}}]	17	1
17	2025-10-25 16:09:44.961626+00	10	Omar Clasif (9)	1	[{"added": {}}]	17	1
18	2025-10-25 16:10:02.336564+00	11	Rafael M (10)	1	[{"added": {}}]	17	1
19	2025-10-25 16:10:29.515663+00	12	Dina J (11)	1	[{"added": {}}]	17	1
20	2025-10-25 16:10:48.424143+00	13	Rosa M (12)	1	[{"added": {}}]	17	1
21	2025-10-25 16:11:13.920165+00	14	Orlando X (13)	1	[{"added": {}}]	17	1
22	2025-10-25 16:11:32.424349+00	15	Eriberto A (14)	1	[{"added": {}}]	17	1
23	2025-10-25 16:11:55.380899+00	16	Adiela H (15)	1	[{"added": {}}]	17	1
24	2025-10-25 16:12:18.198724+00	17	Yina X (16)	1	[{"added": {}}]	17	1
25	2025-10-25 16:12:39.529054+00	18	Camilo X (17)	1	[{"added": {}}]	17	1
26	2025-10-25 16:13:05.783083+00	19	Felix Ortiz (18)	1	[{"added": {}}]	17	1
27	2025-10-25 16:13:27.555266+00	20	Jairo Nuevo (19)	1	[{"added": {}}]	17	1
28	2025-10-25 16:13:49.689398+00	21	Orlis Manuel (20)	1	[{"added": {}}]	17	1
29	2025-10-25 16:14:12.625949+00	22	Yeider Perez (21)	1	[{"added": {}}]	17	1
30	2025-10-25 16:14:32.066067+00	23	Jose Findlay (22)	1	[{"added": {}}]	17	1
31	2025-10-27 00:10:49.548187+00	2	G2 (La Colina 1)	2	[{"added": {"name": "Salon", "object": "S5 (G2)"}}]	20	24
32	2025-10-27 00:11:29.988689+00	4	G4 (La Colina 1)	2	[{"added": {"name": "Salon", "object": "S1 (G4)"}}, {"added": {"name": "Salon", "object": "S2 (G4)"}}, {"added": {"name": "Salon", "object": "S3 (G4)"}}, {"added": {"name": "Salon", "object": "S4 (G4)"}}]	20	24
33	2025-10-27 00:15:10.920249+00	7	G2 (La Colina 2)	2	[{"added": {"name": "Salon", "object": "S1 (G2)"}}, {"added": {"name": "Salon", "object": "S2 (G2)"}}, {"added": {"name": "Salon", "object": "S3 (G2)"}}]	20	24
\.


--
-- Data for Name: django_content_type; Type: TABLE DATA; Schema: public; Owner: -
--

COPY public.django_content_type (id, app_label, model) FROM stdin;
1	admin	logentry
2	auth	permission
3	auth	group
4	contenttypes	contenttype
5	sessions	session
6	calendario	positiondefinition
7	calendario	restrule
8	calendario	shiftassignment
9	calendario	assignmentchangelog
10	calendario	shiftcalendar
11	calendario	operatorcapability
12	calendario	operatorfarmpreference
13	calendario	overloadallowance
14	calendario	restpreference
15	calendario	workloadsnapshot
16	users	role
17	users	userprofile
18	users	rolepermission
19	granjas	farm
20	granjas	chickenhouse
21	granjas	birdbatch
22	granjas	room
23	granjas	birdbatchroomallocation
24	calendario	positioncategory
25	calendario	operatorrestperiod
\.


--
-- Data for Name: django_migrations; Type: TABLE DATA; Schema: public; Owner: -
--

COPY public.django_migrations (id, app, name, applied) FROM stdin;
1	contenttypes	0001_initial	2025-10-25 06:21:21.386932+00
2	contenttypes	0002_remove_content_type_name	2025-10-25 06:21:21.389777+00
3	auth	0001_initial	2025-10-25 06:21:21.409894+00
4	auth	0002_alter_permission_name_max_length	2025-10-25 06:21:21.412371+00
5	auth	0003_alter_user_email_max_length	2025-10-25 06:21:21.414951+00
6	auth	0004_alter_user_username_opts	2025-10-25 06:21:21.417783+00
7	auth	0005_alter_user_last_login_null	2025-10-25 06:21:21.420154+00
8	auth	0006_require_contenttypes_0002	2025-10-25 06:21:21.420914+00
9	auth	0007_alter_validators_add_error_messages	2025-10-25 06:21:21.423097+00
10	auth	0008_alter_user_username_max_length	2025-10-25 06:21:21.425222+00
11	auth	0009_alter_user_last_name_max_length	2025-10-25 06:21:21.428179+00
12	auth	0010_alter_group_name_max_length	2025-10-25 06:21:21.439286+00
13	auth	0011_update_proxy_permissions	2025-10-25 06:21:21.44144+00
14	auth	0012_alter_user_first_name_max_length	2025-10-25 06:21:21.443719+00
15	users	0001_initial	2025-10-25 06:21:21.494072+00
16	admin	0001_initial	2025-10-25 06:21:21.508715+00
17	admin	0002_logentry_remove_auto_add	2025-10-25 06:21:21.511922+00
18	admin	0003_logentry_add_action_flag_choices	2025-10-25 06:21:21.516953+00
19	granjas	0001_initial	2025-10-25 06:21:21.547561+00
20	granjas	0002_alter_birdbatch_options_and_more	2025-10-25 06:21:21.57003+00
21	calendario	0001_initial	2025-10-25 06:21:21.715896+00
22	sessions	0001_initial	2025-10-25 06:21:21.7228+00
23	calendario	0002_positiondefinition_rooms	2025-10-26 02:32:21.259634+00
24	calendario	0003_remove_positiondefinition_shift_type_and_more	2025-10-26 09:37:10.352219+00
25	calendario	0004_alter_operatorcapability_unique_together_and_more	2025-10-26 09:37:10.408385+00
26	users	0002_userprofile_preferred_farm	2025-10-26 13:59:20.509375+00
27	calendario	0005_delete_operatorfarmpreference	2025-10-26 13:59:20.515198+00
28	calendario	0006_alter_positiondefinition_options_and_more	2025-10-26 16:11:13.82026+00
29	calendario	0007_position_categories_refactor	2025-10-26 22:18:38.893082+00
30	calendario	0008_category_rules_update	2025-10-26 23:42:15.492142+00
31	calendario	0009_operatorrestperiod	2025-10-27 09:08:03.744786+00
32	users	0003_userprofile_employment_start_date	2025-10-27 09:08:03.775335+00
33	calendario	0010_rename_calendario_o_operato_0eec88_idx_calendario__operato_4c829a_idx_and_more	2025-10-27 09:59:08.096326+00
\.


--
-- Data for Name: django_session; Type: TABLE DATA; Schema: public; Owner: -
--

COPY public.django_session (session_key, session_data, expire_date) FROM stdin;
5h420p7ql9lh01wcy6h2sn6xludjcj0t	.eJxVjEEOwiAQRe_C2hBABsWl-56BzAyDVA1NSrsy3l2bdKHb_977L5VwXWpau8xpzOqirDr8boT8kLaBfMd2mzRPbZlH0puid9r1MGV5Xnf376Bir98aTfCnCJazMHiDQp4JodgAppyPVBjBZqDAJQBLZEY07DhCFGesU-8PBaY42Q:1vCgiJ:ljca01s_8Djw4FvIl6QHExjSpVJqwQVBsMu6ePrhjcs	2025-11-08 16:01:55.567372+00
bt23zpr0lxngz8l9znvx1ckkpmh1s4j3	.eJxVjEEOwiAQRe_C2pABWqEu3fcMZJgZbNVAUtqV8e7apAvd_vfef6mI2zrFrckSZ1YXZTt1-h0T0kPKTviO5VY11bIuc9K7og_a9FhZntfD_TuYsE3f2vXQD-RNwJDYswhZRs45dWShk8BD8kDOB7KDg9ybAGBMyIjo81msen8AIM04kg:1vDAeA:RsJcUBfXvd3Iu62q68isHBEfhkNiFc5RPm6zGM7ALak	2025-11-09 23:59:38.823942+00
\.


--
-- Data for Name: granjas_birdbatch; Type: TABLE DATA; Schema: public; Owner: -
--

COPY public.granjas_birdbatch (id, status, birth_date, initial_quantity, breed, farm_id) FROM stdin;
\.


--
-- Data for Name: granjas_birdbatchroomallocation; Type: TABLE DATA; Schema: public; Owner: -
--

COPY public.granjas_birdbatchroomallocation (id, quantity, bird_batch_id, room_id) FROM stdin;
\.


--
-- Data for Name: granjas_chickenhouse; Type: TABLE DATA; Schema: public; Owner: -
--

COPY public.granjas_chickenhouse (id, name, area_m2, farm_id) FROM stdin;
1	G1	1028.00	1
3	G3	1000.00	1
5	G5	1000.00	1
6	G1	100.00	2
2	G2	1000.00	1
4	G4	1100.00	1
7	G2	200.00	2
\.


--
-- Data for Name: granjas_farm; Type: TABLE DATA; Schema: public; Owner: -
--

COPY public.granjas_farm (id, name) FROM stdin;
1	La Colina 1
2	La Colina 2
\.


--
-- Data for Name: granjas_room; Type: TABLE DATA; Schema: public; Owner: -
--

COPY public.granjas_room (id, name, area_m2, chicken_house_id) FROM stdin;
1	S1	100.00	1
2	S2	200.00	1
3	S3	300.00	1
4	S4	400.00	1
5	S5	500.00	1
6	S1	100.00	2
7	S2	200.00	2
8	S3	300.00	2
9	S4	400.00	2
10	S1	10.00	3
11	S2	20.00	3
12	S3	30.00	3
13	S1	100.00	5
14	S2	200.00	5
15	S1	10.00	6
16	S2	20.00	6
17	S3	30.00	6
18	S4	40.00	6
19	S5	50.00	6
20	S5	500.00	2
21	S1	10.00	4
22	S2	20.00	4
23	S3	30.00	4
24	S4	40.00	4
25	S1	11.00	7
26	S2	12.00	7
27	S3	13.00	7
\.


--
-- Data for Name: users_role; Type: TABLE DATA; Schema: public; Owner: -
--

COPY public.users_role (id, name) FROM stdin;
\.


--
-- Data for Name: users_rolepermission; Type: TABLE DATA; Schema: public; Owner: -
--

COPY public.users_rolepermission (id, permission_code, role_id) FROM stdin;
\.


--
-- Data for Name: users_userprofile; Type: TABLE DATA; Schema: public; Owner: -
--

COPY public.users_userprofile (id, password, last_login, is_superuser, cedula, nombres, apellidos, telefono, email, direccion, contacto_nombre, contacto_telefono, is_active, is_staff, date_joined, preferred_farm_id, employment_start_date) FROM stdin;
7	pbkdf2_sha256$720000$aUs3KUGD3lDkKjTQhr0ZP3$flXJ7wZmzgNmvKjlFfOf/q0R83alI7d1zEUj/CXJMBk=	\N	f	6	Esteban	A	6					t	f	2025-10-25 16:08:24.594763+00	2	2025-10-01
2	pbkdf2_sha256$720000$KKi5I0vyEfiGSI1bSw7g9K$jS5O2IuYSDLN7GpMOVeKfNzajAo6/WjywRB/87qstEA=	\N	f	0	Cesar	Olea	0					t	f	2025-10-25 16:05:43.774432+00	1	2025-10-25
4	pbkdf2_sha256$720000$MtQTVFORkOzViybQ4Apqvh$vIzQGWoASk1JeWn5POEB7UG7DgVlBmt42/RLLXod5zc=	\N	f	3	Willian	A	3					t	f	2025-10-25 16:06:45.302576+00	1	2025-10-25
15	pbkdf2_sha256$720000$I5F5OjyETmpYUU8pWzGRq3$Wxo4Z1ooaPNjoPAaeO0nthQthvAmN44bX6zj4mvX85s=	\N	f	14	Eriberto	A2	14					t	f	2025-10-25 16:11:32.302131+00	\N	2025-10-25
10	pbkdf2_sha256$720000$Te4jlnxwUE54xOMYaKdgv3$TbhcqYbMAAz9D39NPYsODMBdXj66FKUiIa/tFXDmAak=	\N	f	9	Omar	Clasif	9					t	f	2025-10-25 16:09:44.855133+00	\N	2025-10-25
3	pbkdf2_sha256$720000$lHEcZhLZtUEENnthWywKlm$30dW5UoUGbPG8JhtQlphz504vfhKlXsb18pVo4sq5bY=	\N	f	1	Alex	F	1					t	f	2025-10-25 16:06:25.528653+00	1	2025-10-25
23	pbkdf2_sha256$720000$4xSjhqzQe6Jf1GXCw16Ln7$VRIWpeSCX/2z6+ziVy0wxNQLLkzQEA/f52dWs1EcaBw=	\N	f	22	Jose	Findlay	22					t	f	2025-10-25 16:14:31.94927+00	1	2025-10-25
16	pbkdf2_sha256$720000$160WsTBwrCInAN96ivQ9iG$WM2zOgpJoVhR2VAABY8ncvKf1KhCR5+hp2hhoS8wF70=	\N	f	15	Adiela	H	15					t	f	2025-10-25 16:11:55.263388+00	2	2025-10-25
5	pbkdf2_sha256$720000$OPOLjRCA4VYX55FZCAyWrO$znuvZQgR8KuaVRW3vRhZ4AUwQJvR/cezVNL3NRneEk8=	\N	f	4	Jose	I	4					t	f	2025-10-25 16:07:40.718626+00	\N	2025-10-25
12	pbkdf2_sha256$720000$kFfNPHqEH53OyqzswcQvKA$eM/fDssIuX8ZGLg30eIyI9P9Y45pV8zDPVh+JnGp5vU=	\N	f	11	Dina	J	11					t	f	2025-10-25 16:10:29.391686+00	\N	2025-10-25
11	pbkdf2_sha256$720000$rJB5mJmPMLebTW7OloF5pB$zRctdYepE4H/3OS3r/7w+sCtR3ZU1mRrL2LyCv+jHn8=	\N	f	10	Rafael	M	10					t	f	2025-10-25 16:10:02.219477+00	\N	2025-10-25
13	pbkdf2_sha256$720000$DsRxvMkwyFgnFrMdGBy4Sn$JDvvFkbqZNlQnNC28Z2yUSJGy6RbZF5bnoLAo2blC+E=	\N	f	12	Rosa	M	12					t	f	2025-10-25 16:10:48.306916+00	\N	2025-10-25
21	pbkdf2_sha256$720000$vTEVHFJY0eBJxqfWkMXHiE$c/jzAPqm1zg9m+cYGm78HHCZRik7zh+SxpLZnPBg3S8=	\N	f	20	Orlis	Manuel	20					f	f	2025-10-25 16:13:49.569662+00	\N	2025-10-25
20	pbkdf2_sha256$720000$n1FVBGZ6SRzmeqmalYmw3e$4wZ6wnuny6CwTwlVF4yi4nB9KY7xAATPXYDeviSPS78=	\N	f	19	Jairo	Nuevo	19					t	f	2025-10-25 16:13:27.439203+00	\N	2025-10-25
19	pbkdf2_sha256$720000$H4GLy7ldBU1dPpi9Hnh4cJ$ONjwRMx/RLd+2UGGrToUXau+zKhjFqsZwQB0rgCJPvk=	\N	f	18	Felix	Ortiz	18					f	f	2025-10-25 16:13:05.664044+00	\N	2025-10-25
8	pbkdf2_sha256$720000$X4kBZXiJnIm7JtBjjQdQ4g$4bDTzwPl+316ZcS/LcZSBSdryNZ4faBNEaq2i+iinFw=	\N	f	7	Omar	P	7					f	f	2025-10-25 16:08:44.099103+00	\N	2025-10-25
22	pbkdf2_sha256$720000$UIwQnldMO2GFoMLvnBWTv0$YfUiy0aDSC2DqCOwHc1daLAo1gbYQfscWdsajJqBlsY=	\N	f	21	Yeider	Perez	21					t	f	2025-10-25 16:14:12.511959+00	1	2025-10-25
6	pbkdf2_sha256$720000$5e1V3EuKSavFBHGPfmbeCg$jQRW5zbv3TogmWHJGiYF7V26p2IO6IvwbDN8QnHmkvQ=	\N	f	5	Wilder	S	5					t	f	2025-10-25 16:08:04.079964+00	2	2025-10-25
1	pbkdf2_sha256$720000$WlZ4ZomEZVpwjBvZah0SA5$ERAuXJUHfXX5UftIKVbAtPwjmvQ1ORglznn1SVslXpM=	2025-10-25 16:01:55.566101+00	t	1152446059	Jhon	Vergara	3106110298					f	t	2025-10-25 06:26:13.262709+00	\N	2025-10-25
18	pbkdf2_sha256$720000$JPUUdlia1HdRMlr96DGNtn$s8k0YNR7YwVfdPMWRr9RAumEgEY07XMjluG0XOte2e0=	\N	f	17	Camilo	X	17					t	f	2025-10-25 16:12:39.412133+00	\N	2025-10-25
14	pbkdf2_sha256$720000$thXcztiFaF5gMfWkRUF2nN$siMp3MZjOAIz4Bqi5V5Dka9twjnCyZGe1ymd1tE787o=	\N	f	13	Orlando	X	13					t	f	2025-10-25 16:11:13.804049+00	\N	2025-10-25
17	pbkdf2_sha256$720000$5XxfqzIOOcodm5syb7P5Ht$3pvIt+TR1onZDHufqZ7IUVnBY6HPIdODk3mOlYFvewA=	\N	f	16	Yina	X	16					t	f	2025-10-25 16:12:18.077705+00	2	2025-10-25
24	pbkdf2_sha256$720000$Nk84Xy05U2rBQWM1QUMZPp$0IPPRwsGhExCk+4c7HC4F4m8+bg9F+aeHaCP61waCY4=	2025-10-26 23:59:38.820921+00	t	100	admin	admin	100					t	t	2025-10-26 23:59:27.250483+00	\N	2025-10-26
9	pbkdf2_sha256$720000$TdbW7ZP4Qrbm50G5bZtrVC$yayr5D4S/P9+KorvVFvAzZW33swsET5//xrOy1f8QE4=	\N	f	8	Jonathan	x	8					t	f	2025-10-25 16:09:13.484054+00	2	2025-10-25
\.


--
-- Data for Name: users_userprofile_groups; Type: TABLE DATA; Schema: public; Owner: -
--

COPY public.users_userprofile_groups (id, userprofile_id, group_id) FROM stdin;
\.


--
-- Data for Name: users_userprofile_roles; Type: TABLE DATA; Schema: public; Owner: -
--

COPY public.users_userprofile_roles (id, userprofile_id, role_id) FROM stdin;
\.


--
-- Data for Name: users_userprofile_user_permissions; Type: TABLE DATA; Schema: public; Owner: -
--

COPY public.users_userprofile_user_permissions (id, userprofile_id, permission_id) FROM stdin;
\.


--
-- Name: auth_group_id_seq; Type: SEQUENCE SET; Schema: public; Owner: -
--

SELECT pg_catalog.setval('public.auth_group_id_seq', 1, false);


--
-- Name: auth_group_permissions_id_seq; Type: SEQUENCE SET; Schema: public; Owner: -
--

SELECT pg_catalog.setval('public.auth_group_permissions_id_seq', 1, false);


--
-- Name: auth_permission_id_seq; Type: SEQUENCE SET; Schema: public; Owner: -
--

SELECT pg_catalog.setval('public.auth_permission_id_seq', 100, true);


--
-- Name: calendario_assignmentchangelog_id_seq; Type: SEQUENCE SET; Schema: public; Owner: -
--

SELECT pg_catalog.setval('public.calendario_assignmentchangelog_id_seq', 1004, true);


--
-- Name: calendario_operatorcapability_id_seq; Type: SEQUENCE SET; Schema: public; Owner: -
--

SELECT pg_catalog.setval('public.calendario_operatorcapability_id_seq', 42, true);


--
-- Name: calendario_operatorrestperiod_id_seq; Type: SEQUENCE SET; Schema: public; Owner: -
--

SELECT pg_catalog.setval('public.calendario_operatorrestperiod_id_seq', 6, true);


--
-- Name: calendario_positioncategory_id_seq; Type: SEQUENCE SET; Schema: public; Owner: -
--

SELECT pg_catalog.setval('public.calendario_positioncategory_id_seq', 10, true);


--
-- Name: calendario_positiondefinition_id_seq; Type: SEQUENCE SET; Schema: public; Owner: -
--

SELECT pg_catalog.setval('public.calendario_positiondefinition_id_seq', 19, true);


--
-- Name: calendario_positiondefinition_rooms_id_seq; Type: SEQUENCE SET; Schema: public; Owner: -
--

SELECT pg_catalog.setval('public.calendario_positiondefinition_rooms_id_seq', 29, true);


--
-- Name: calendario_shiftassignment_id_seq; Type: SEQUENCE SET; Schema: public; Owner: -
--

SELECT pg_catalog.setval('public.calendario_shiftassignment_id_seq', 1212, true);


--
-- Name: calendario_shiftcalendar_id_seq; Type: SEQUENCE SET; Schema: public; Owner: -
--

SELECT pg_catalog.setval('public.calendario_shiftcalendar_id_seq', 17, true);


--
-- Name: calendario_workloadsnapshot_id_seq; Type: SEQUENCE SET; Schema: public; Owner: -
--

SELECT pg_catalog.setval('public.calendario_workloadsnapshot_id_seq', 215, true);


--
-- Name: django_admin_log_id_seq; Type: SEQUENCE SET; Schema: public; Owner: -
--

SELECT pg_catalog.setval('public.django_admin_log_id_seq', 33, true);


--
-- Name: django_content_type_id_seq; Type: SEQUENCE SET; Schema: public; Owner: -
--

SELECT pg_catalog.setval('public.django_content_type_id_seq', 25, true);


--
-- Name: django_migrations_id_seq; Type: SEQUENCE SET; Schema: public; Owner: -
--

SELECT pg_catalog.setval('public.django_migrations_id_seq', 33, true);


--
-- Name: granjas_birdbatch_id_seq; Type: SEQUENCE SET; Schema: public; Owner: -
--

SELECT pg_catalog.setval('public.granjas_birdbatch_id_seq', 1, false);


--
-- Name: granjas_birdbatchroomallocation_id_seq; Type: SEQUENCE SET; Schema: public; Owner: -
--

SELECT pg_catalog.setval('public.granjas_birdbatchroomallocation_id_seq', 1, false);


--
-- Name: granjas_chickenhouse_id_seq; Type: SEQUENCE SET; Schema: public; Owner: -
--

SELECT pg_catalog.setval('public.granjas_chickenhouse_id_seq', 7, true);


--
-- Name: granjas_farm_id_seq; Type: SEQUENCE SET; Schema: public; Owner: -
--

SELECT pg_catalog.setval('public.granjas_farm_id_seq', 2, true);


--
-- Name: granjas_room_id_seq; Type: SEQUENCE SET; Schema: public; Owner: -
--

SELECT pg_catalog.setval('public.granjas_room_id_seq', 27, true);


--
-- Name: users_role_id_seq; Type: SEQUENCE SET; Schema: public; Owner: -
--

SELECT pg_catalog.setval('public.users_role_id_seq', 1, false);


--
-- Name: users_rolepermission_id_seq; Type: SEQUENCE SET; Schema: public; Owner: -
--

SELECT pg_catalog.setval('public.users_rolepermission_id_seq', 1, false);


--
-- Name: users_userprofile_groups_id_seq; Type: SEQUENCE SET; Schema: public; Owner: -
--

SELECT pg_catalog.setval('public.users_userprofile_groups_id_seq', 1, false);


--
-- Name: users_userprofile_id_seq; Type: SEQUENCE SET; Schema: public; Owner: -
--

SELECT pg_catalog.setval('public.users_userprofile_id_seq', 24, true);


--
-- Name: users_userprofile_roles_id_seq; Type: SEQUENCE SET; Schema: public; Owner: -
--

SELECT pg_catalog.setval('public.users_userprofile_roles_id_seq', 1, false);


--
-- Name: users_userprofile_user_permissions_id_seq; Type: SEQUENCE SET; Schema: public; Owner: -
--

SELECT pg_catalog.setval('public.users_userprofile_user_permissions_id_seq', 1, false);


--
-- Name: auth_group auth_group_name_key; Type: CONSTRAINT; Schema: public; Owner: -
--

ALTER TABLE ONLY public.auth_group
    ADD CONSTRAINT auth_group_name_key UNIQUE (name);


--
-- Name: auth_group_permissions auth_group_permissions_group_id_permission_id_0cd325b0_uniq; Type: CONSTRAINT; Schema: public; Owner: -
--

ALTER TABLE ONLY public.auth_group_permissions
    ADD CONSTRAINT auth_group_permissions_group_id_permission_id_0cd325b0_uniq UNIQUE (group_id, permission_id);


--
-- Name: auth_group_permissions auth_group_permissions_pkey; Type: CONSTRAINT; Schema: public; Owner: -
--

ALTER TABLE ONLY public.auth_group_permissions
    ADD CONSTRAINT auth_group_permissions_pkey PRIMARY KEY (id);


--
-- Name: auth_group auth_group_pkey; Type: CONSTRAINT; Schema: public; Owner: -
--

ALTER TABLE ONLY public.auth_group
    ADD CONSTRAINT auth_group_pkey PRIMARY KEY (id);


--
-- Name: auth_permission auth_permission_content_type_id_codename_01ab375a_uniq; Type: CONSTRAINT; Schema: public; Owner: -
--

ALTER TABLE ONLY public.auth_permission
    ADD CONSTRAINT auth_permission_content_type_id_codename_01ab375a_uniq UNIQUE (content_type_id, codename);


--
-- Name: auth_permission auth_permission_pkey; Type: CONSTRAINT; Schema: public; Owner: -
--

ALTER TABLE ONLY public.auth_permission
    ADD CONSTRAINT auth_permission_pkey PRIMARY KEY (id);


--
-- Name: calendario_assignmentchangelog calendario_assignmentchangelog_pkey; Type: CONSTRAINT; Schema: public; Owner: -
--

ALTER TABLE ONLY public.calendario_assignmentchangelog
    ADD CONSTRAINT calendario_assignmentchangelog_pkey PRIMARY KEY (id);


--
-- Name: calendario_operatorcapability calendario_operatorcapab_operator_id_category_id_a2f6817f_uniq; Type: CONSTRAINT; Schema: public; Owner: -
--

ALTER TABLE ONLY public.calendario_operatorcapability
    ADD CONSTRAINT calendario_operatorcapab_operator_id_category_id_a2f6817f_uniq UNIQUE (operator_id, category_id);


--
-- Name: calendario_operatorcapability calendario_operatorcapability_pkey; Type: CONSTRAINT; Schema: public; Owner: -
--

ALTER TABLE ONLY public.calendario_operatorcapability
    ADD CONSTRAINT calendario_operatorcapability_pkey PRIMARY KEY (id);


--
-- Name: calendario_operatorrestperiod calendario_operatorrestperiod_pkey; Type: CONSTRAINT; Schema: public; Owner: -
--

ALTER TABLE ONLY public.calendario_operatorrestperiod
    ADD CONSTRAINT calendario_operatorrestperiod_pkey PRIMARY KEY (id);


--
-- Name: calendario_positioncategory calendario_positioncategory_code_key; Type: CONSTRAINT; Schema: public; Owner: -
--

ALTER TABLE ONLY public.calendario_positioncategory
    ADD CONSTRAINT calendario_positioncategory_code_key UNIQUE (code);


--
-- Name: calendario_positioncategory calendario_positioncategory_pkey; Type: CONSTRAINT; Schema: public; Owner: -
--

ALTER TABLE ONLY public.calendario_positioncategory
    ADD CONSTRAINT calendario_positioncategory_pkey PRIMARY KEY (id);


--
-- Name: calendario_positiondefinition_rooms calendario_positiondefin_positiondefinition_id_ro_ca526ae0_uniq; Type: CONSTRAINT; Schema: public; Owner: -
--

ALTER TABLE ONLY public.calendario_positiondefinition_rooms
    ADD CONSTRAINT calendario_positiondefin_positiondefinition_id_ro_ca526ae0_uniq UNIQUE (positiondefinition_id, room_id);


--
-- Name: calendario_positiondefinition calendario_positiondefinition_code_key; Type: CONSTRAINT; Schema: public; Owner: -
--

ALTER TABLE ONLY public.calendario_positiondefinition
    ADD CONSTRAINT calendario_positiondefinition_code_key UNIQUE (code);


--
-- Name: calendario_positiondefinition calendario_positiondefinition_pkey; Type: CONSTRAINT; Schema: public; Owner: -
--

ALTER TABLE ONLY public.calendario_positiondefinition
    ADD CONSTRAINT calendario_positiondefinition_pkey PRIMARY KEY (id);


--
-- Name: calendario_positiondefinition_rooms calendario_positiondefinition_rooms_pkey; Type: CONSTRAINT; Schema: public; Owner: -
--

ALTER TABLE ONLY public.calendario_positiondefinition_rooms
    ADD CONSTRAINT calendario_positiondefinition_rooms_pkey PRIMARY KEY (id);


--
-- Name: calendario_shiftassignment calendario_shiftassignme_calendar_id_position_id__1ed22d08_uniq; Type: CONSTRAINT; Schema: public; Owner: -
--

ALTER TABLE ONLY public.calendario_shiftassignment
    ADD CONSTRAINT calendario_shiftassignme_calendar_id_position_id__1ed22d08_uniq UNIQUE (calendar_id, position_id, date);


--
-- Name: calendario_shiftassignment calendario_shiftassignment_pkey; Type: CONSTRAINT; Schema: public; Owner: -
--

ALTER TABLE ONLY public.calendario_shiftassignment
    ADD CONSTRAINT calendario_shiftassignment_pkey PRIMARY KEY (id);


--
-- Name: calendario_shiftcalendar calendario_shiftcalendar_pkey; Type: CONSTRAINT; Schema: public; Owner: -
--

ALTER TABLE ONLY public.calendario_shiftcalendar
    ADD CONSTRAINT calendario_shiftcalendar_pkey PRIMARY KEY (id);


--
-- Name: calendario_shiftcalendar calendario_shiftcalendar_start_date_end_date_stat_30221ec8_uniq; Type: CONSTRAINT; Schema: public; Owner: -
--

ALTER TABLE ONLY public.calendario_shiftcalendar
    ADD CONSTRAINT calendario_shiftcalendar_start_date_end_date_stat_30221ec8_uniq UNIQUE (start_date, end_date, status);


--
-- Name: calendario_workloadsnapshot calendario_workloadsnaps_calendar_id_operator_id__90e592f7_uniq; Type: CONSTRAINT; Schema: public; Owner: -
--

ALTER TABLE ONLY public.calendario_workloadsnapshot
    ADD CONSTRAINT calendario_workloadsnaps_calendar_id_operator_id__90e592f7_uniq UNIQUE (calendar_id, operator_id, month_reference);


--
-- Name: calendario_workloadsnapshot calendario_workloadsnapshot_pkey; Type: CONSTRAINT; Schema: public; Owner: -
--

ALTER TABLE ONLY public.calendario_workloadsnapshot
    ADD CONSTRAINT calendario_workloadsnapshot_pkey PRIMARY KEY (id);


--
-- Name: django_admin_log django_admin_log_pkey; Type: CONSTRAINT; Schema: public; Owner: -
--

ALTER TABLE ONLY public.django_admin_log
    ADD CONSTRAINT django_admin_log_pkey PRIMARY KEY (id);


--
-- Name: django_content_type django_content_type_app_label_model_76bd3d3b_uniq; Type: CONSTRAINT; Schema: public; Owner: -
--

ALTER TABLE ONLY public.django_content_type
    ADD CONSTRAINT django_content_type_app_label_model_76bd3d3b_uniq UNIQUE (app_label, model);


--
-- Name: django_content_type django_content_type_pkey; Type: CONSTRAINT; Schema: public; Owner: -
--

ALTER TABLE ONLY public.django_content_type
    ADD CONSTRAINT django_content_type_pkey PRIMARY KEY (id);


--
-- Name: django_migrations django_migrations_pkey; Type: CONSTRAINT; Schema: public; Owner: -
--

ALTER TABLE ONLY public.django_migrations
    ADD CONSTRAINT django_migrations_pkey PRIMARY KEY (id);


--
-- Name: django_session django_session_pkey; Type: CONSTRAINT; Schema: public; Owner: -
--

ALTER TABLE ONLY public.django_session
    ADD CONSTRAINT django_session_pkey PRIMARY KEY (session_key);


--
-- Name: granjas_birdbatch granjas_birdbatch_pkey; Type: CONSTRAINT; Schema: public; Owner: -
--

ALTER TABLE ONLY public.granjas_birdbatch
    ADD CONSTRAINT granjas_birdbatch_pkey PRIMARY KEY (id);


--
-- Name: granjas_birdbatchroomallocation granjas_birdbatchroomall_bird_batch_id_room_id_12e398da_uniq; Type: CONSTRAINT; Schema: public; Owner: -
--

ALTER TABLE ONLY public.granjas_birdbatchroomallocation
    ADD CONSTRAINT granjas_birdbatchroomall_bird_batch_id_room_id_12e398da_uniq UNIQUE (bird_batch_id, room_id);


--
-- Name: granjas_birdbatchroomallocation granjas_birdbatchroomallocation_pkey; Type: CONSTRAINT; Schema: public; Owner: -
--

ALTER TABLE ONLY public.granjas_birdbatchroomallocation
    ADD CONSTRAINT granjas_birdbatchroomallocation_pkey PRIMARY KEY (id);


--
-- Name: granjas_chickenhouse granjas_chickenhouse_farm_id_name_d2024251_uniq; Type: CONSTRAINT; Schema: public; Owner: -
--

ALTER TABLE ONLY public.granjas_chickenhouse
    ADD CONSTRAINT granjas_chickenhouse_farm_id_name_d2024251_uniq UNIQUE (farm_id, name);


--
-- Name: granjas_chickenhouse granjas_chickenhouse_pkey; Type: CONSTRAINT; Schema: public; Owner: -
--

ALTER TABLE ONLY public.granjas_chickenhouse
    ADD CONSTRAINT granjas_chickenhouse_pkey PRIMARY KEY (id);


--
-- Name: granjas_farm granjas_farm_pkey; Type: CONSTRAINT; Schema: public; Owner: -
--

ALTER TABLE ONLY public.granjas_farm
    ADD CONSTRAINT granjas_farm_pkey PRIMARY KEY (id);


--
-- Name: granjas_room granjas_room_chicken_house_id_name_48c26393_uniq; Type: CONSTRAINT; Schema: public; Owner: -
--

ALTER TABLE ONLY public.granjas_room
    ADD CONSTRAINT granjas_room_chicken_house_id_name_48c26393_uniq UNIQUE (chicken_house_id, name);


--
-- Name: granjas_room granjas_room_pkey; Type: CONSTRAINT; Schema: public; Owner: -
--

ALTER TABLE ONLY public.granjas_room
    ADD CONSTRAINT granjas_room_pkey PRIMARY KEY (id);


--
-- Name: users_role users_role_name_key; Type: CONSTRAINT; Schema: public; Owner: -
--

ALTER TABLE ONLY public.users_role
    ADD CONSTRAINT users_role_name_key UNIQUE (name);


--
-- Name: users_role users_role_pkey; Type: CONSTRAINT; Schema: public; Owner: -
--

ALTER TABLE ONLY public.users_role
    ADD CONSTRAINT users_role_pkey PRIMARY KEY (id);


--
-- Name: users_rolepermission users_rolepermission_pkey; Type: CONSTRAINT; Schema: public; Owner: -
--

ALTER TABLE ONLY public.users_rolepermission
    ADD CONSTRAINT users_rolepermission_pkey PRIMARY KEY (id);


--
-- Name: users_rolepermission users_rolepermission_role_id_permission_code_6d35ba7f_uniq; Type: CONSTRAINT; Schema: public; Owner: -
--

ALTER TABLE ONLY public.users_rolepermission
    ADD CONSTRAINT users_rolepermission_role_id_permission_code_6d35ba7f_uniq UNIQUE (role_id, permission_code);


--
-- Name: users_userprofile users_userprofile_cedula_key; Type: CONSTRAINT; Schema: public; Owner: -
--

ALTER TABLE ONLY public.users_userprofile
    ADD CONSTRAINT users_userprofile_cedula_key UNIQUE (cedula);


--
-- Name: users_userprofile_groups users_userprofile_groups_pkey; Type: CONSTRAINT; Schema: public; Owner: -
--

ALTER TABLE ONLY public.users_userprofile_groups
    ADD CONSTRAINT users_userprofile_groups_pkey PRIMARY KEY (id);


--
-- Name: users_userprofile_groups users_userprofile_groups_userprofile_id_group_id_823cf2fc_uniq; Type: CONSTRAINT; Schema: public; Owner: -
--

ALTER TABLE ONLY public.users_userprofile_groups
    ADD CONSTRAINT users_userprofile_groups_userprofile_id_group_id_823cf2fc_uniq UNIQUE (userprofile_id, group_id);


--
-- Name: users_userprofile users_userprofile_pkey; Type: CONSTRAINT; Schema: public; Owner: -
--

ALTER TABLE ONLY public.users_userprofile
    ADD CONSTRAINT users_userprofile_pkey PRIMARY KEY (id);


--
-- Name: users_userprofile_roles users_userprofile_roles_pkey; Type: CONSTRAINT; Schema: public; Owner: -
--

ALTER TABLE ONLY public.users_userprofile_roles
    ADD CONSTRAINT users_userprofile_roles_pkey PRIMARY KEY (id);


--
-- Name: users_userprofile_roles users_userprofile_roles_userprofile_id_role_id_81c255df_uniq; Type: CONSTRAINT; Schema: public; Owner: -
--

ALTER TABLE ONLY public.users_userprofile_roles
    ADD CONSTRAINT users_userprofile_roles_userprofile_id_role_id_81c255df_uniq UNIQUE (userprofile_id, role_id);


--
-- Name: users_userprofile users_userprofile_telefono_key; Type: CONSTRAINT; Schema: public; Owner: -
--

ALTER TABLE ONLY public.users_userprofile
    ADD CONSTRAINT users_userprofile_telefono_key UNIQUE (telefono);


--
-- Name: users_userprofile_user_permissions users_userprofile_user_p_userprofile_id_permissio_d0215190_uniq; Type: CONSTRAINT; Schema: public; Owner: -
--

ALTER TABLE ONLY public.users_userprofile_user_permissions
    ADD CONSTRAINT users_userprofile_user_p_userprofile_id_permissio_d0215190_uniq UNIQUE (userprofile_id, permission_id);


--
-- Name: users_userprofile_user_permissions users_userprofile_user_permissions_pkey; Type: CONSTRAINT; Schema: public; Owner: -
--

ALTER TABLE ONLY public.users_userprofile_user_permissions
    ADD CONSTRAINT users_userprofile_user_permissions_pkey PRIMARY KEY (id);


--
-- Name: auth_group_name_a6ea08ec_like; Type: INDEX; Schema: public; Owner: -
--

CREATE INDEX auth_group_name_a6ea08ec_like ON public.auth_group USING btree (name varchar_pattern_ops);


--
-- Name: auth_group_permissions_group_id_b120cbf9; Type: INDEX; Schema: public; Owner: -
--

CREATE INDEX auth_group_permissions_group_id_b120cbf9 ON public.auth_group_permissions USING btree (group_id);


--
-- Name: auth_group_permissions_permission_id_84c5c92e; Type: INDEX; Schema: public; Owner: -
--

CREATE INDEX auth_group_permissions_permission_id_84c5c92e ON public.auth_group_permissions USING btree (permission_id);


--
-- Name: auth_permission_content_type_id_2f476e4b; Type: INDEX; Schema: public; Owner: -
--

CREATE INDEX auth_permission_content_type_id_2f476e4b ON public.auth_permission USING btree (content_type_id);


--
-- Name: calendario__operato_4c829a_idx; Type: INDEX; Schema: public; Owner: -
--

CREATE INDEX calendario__operato_4c829a_idx ON public.calendario_operatorrestperiod USING btree (operator_id, start_date);


--
-- Name: calendario__operato_8d9126_idx; Type: INDEX; Schema: public; Owner: -
--

CREATE INDEX calendario__operato_8d9126_idx ON public.calendario_operatorrestperiod USING btree (operator_id, end_date);


--
-- Name: calendario_assignmentchangelog_assignment_id_d88d968d; Type: INDEX; Schema: public; Owner: -
--

CREATE INDEX calendario_assignmentchangelog_assignment_id_d88d968d ON public.calendario_assignmentchangelog USING btree (assignment_id);


--
-- Name: calendario_assignmentchangelog_changed_by_id_da82cd2a; Type: INDEX; Schema: public; Owner: -
--

CREATE INDEX calendario_assignmentchangelog_changed_by_id_da82cd2a ON public.calendario_assignmentchangelog USING btree (changed_by_id);


--
-- Name: calendario_assignmentchangelog_new_operator_id_09a8b9f9; Type: INDEX; Schema: public; Owner: -
--

CREATE INDEX calendario_assignmentchangelog_new_operator_id_09a8b9f9 ON public.calendario_assignmentchangelog USING btree (new_operator_id);


--
-- Name: calendario_assignmentchangelog_previous_operator_id_8ab93f91; Type: INDEX; Schema: public; Owner: -
--

CREATE INDEX calendario_assignmentchangelog_previous_operator_id_8ab93f91 ON public.calendario_assignmentchangelog USING btree (previous_operator_id);


--
-- Name: calendario_operatorcapability_category_id_a3670eac; Type: INDEX; Schema: public; Owner: -
--

CREATE INDEX calendario_operatorcapability_category_id_a3670eac ON public.calendario_operatorcapability USING btree (category_id);


--
-- Name: calendario_operatorcapability_operator_id_9c45a408; Type: INDEX; Schema: public; Owner: -
--

CREATE INDEX calendario_operatorcapability_operator_id_9c45a408 ON public.calendario_operatorcapability USING btree (operator_id);


--
-- Name: calendario_operatorrestperiod_calendar_id_ceeafbc3; Type: INDEX; Schema: public; Owner: -
--

CREATE INDEX calendario_operatorrestperiod_calendar_id_ceeafbc3 ON public.calendario_operatorrestperiod USING btree (calendar_id);


--
-- Name: calendario_operatorrestperiod_created_by_id_ef751f7c; Type: INDEX; Schema: public; Owner: -
--

CREATE INDEX calendario_operatorrestperiod_created_by_id_ef751f7c ON public.calendario_operatorrestperiod USING btree (created_by_id);


--
-- Name: calendario_operatorrestperiod_operator_id_f3204a7b; Type: INDEX; Schema: public; Owner: -
--

CREATE INDEX calendario_operatorrestperiod_operator_id_f3204a7b ON public.calendario_operatorrestperiod USING btree (operator_id);


--
-- Name: calendario_positioncategory_code_4d6c1d4a_like; Type: INDEX; Schema: public; Owner: -
--

CREATE INDEX calendario_positioncategory_code_4d6c1d4a_like ON public.calendario_positioncategory USING btree (code varchar_pattern_ops);


--
-- Name: calendario_positiondefinit_positiondefinition_id_6b4cf5da; Type: INDEX; Schema: public; Owner: -
--

CREATE INDEX calendario_positiondefinit_positiondefinition_id_6b4cf5da ON public.calendario_positiondefinition_rooms USING btree (positiondefinition_id);


--
-- Name: calendario_positiondefinition_category_id_315aeb60; Type: INDEX; Schema: public; Owner: -
--

CREATE INDEX calendario_positiondefinition_category_id_315aeb60 ON public.calendario_positiondefinition USING btree (category_id);


--
-- Name: calendario_positiondefinition_chicken_house_id_ed3814ed; Type: INDEX; Schema: public; Owner: -
--

CREATE INDEX calendario_positiondefinition_chicken_house_id_ed3814ed ON public.calendario_positiondefinition USING btree (chicken_house_id);


--
-- Name: calendario_positiondefinition_code_4b80c491_like; Type: INDEX; Schema: public; Owner: -
--

CREATE INDEX calendario_positiondefinition_code_4b80c491_like ON public.calendario_positiondefinition USING btree (code varchar_pattern_ops);


--
-- Name: calendario_positiondefinition_display_order_2a820356; Type: INDEX; Schema: public; Owner: -
--

CREATE INDEX calendario_positiondefinition_display_order_2a820356 ON public.calendario_positiondefinition USING btree (display_order);


--
-- Name: calendario_positiondefinition_farm_id_61a1657e; Type: INDEX; Schema: public; Owner: -
--

CREATE INDEX calendario_positiondefinition_farm_id_61a1657e ON public.calendario_positiondefinition USING btree (farm_id);


--
-- Name: calendario_positiondefinition_rooms_room_id_05372e9a; Type: INDEX; Schema: public; Owner: -
--

CREATE INDEX calendario_positiondefinition_rooms_room_id_05372e9a ON public.calendario_positiondefinition_rooms USING btree (room_id);


--
-- Name: calendario_shiftassignment_calendar_id_89a248c8; Type: INDEX; Schema: public; Owner: -
--

CREATE INDEX calendario_shiftassignment_calendar_id_89a248c8 ON public.calendario_shiftassignment USING btree (calendar_id);


--
-- Name: calendario_shiftassignment_operator_id_81ab25f5; Type: INDEX; Schema: public; Owner: -
--

CREATE INDEX calendario_shiftassignment_operator_id_81ab25f5 ON public.calendario_shiftassignment USING btree (operator_id);


--
-- Name: calendario_shiftassignment_position_id_7389561c; Type: INDEX; Schema: public; Owner: -
--

CREATE INDEX calendario_shiftassignment_position_id_7389561c ON public.calendario_shiftassignment USING btree (position_id);


--
-- Name: calendario_shiftcalendar_approved_by_id_8fef7dc9; Type: INDEX; Schema: public; Owner: -
--

CREATE INDEX calendario_shiftcalendar_approved_by_id_8fef7dc9 ON public.calendario_shiftcalendar USING btree (approved_by_id);


--
-- Name: calendario_shiftcalendar_base_calendar_id_2ca0a941; Type: INDEX; Schema: public; Owner: -
--

CREATE INDEX calendario_shiftcalendar_base_calendar_id_2ca0a941 ON public.calendario_shiftcalendar USING btree (base_calendar_id);


--
-- Name: calendario_shiftcalendar_created_by_id_e8933da5; Type: INDEX; Schema: public; Owner: -
--

CREATE INDEX calendario_shiftcalendar_created_by_id_e8933da5 ON public.calendario_shiftcalendar USING btree (created_by_id);


--
-- Name: calendario_workloadsnapshot_calendar_id_33a12f96; Type: INDEX; Schema: public; Owner: -
--

CREATE INDEX calendario_workloadsnapshot_calendar_id_33a12f96 ON public.calendario_workloadsnapshot USING btree (calendar_id);


--
-- Name: calendario_workloadsnapshot_operator_id_cf13108d; Type: INDEX; Schema: public; Owner: -
--

CREATE INDEX calendario_workloadsnapshot_operator_id_cf13108d ON public.calendario_workloadsnapshot USING btree (operator_id);


--
-- Name: django_admin_log_content_type_id_c4bce8eb; Type: INDEX; Schema: public; Owner: -
--

CREATE INDEX django_admin_log_content_type_id_c4bce8eb ON public.django_admin_log USING btree (content_type_id);


--
-- Name: django_admin_log_user_id_c564eba6; Type: INDEX; Schema: public; Owner: -
--

CREATE INDEX django_admin_log_user_id_c564eba6 ON public.django_admin_log USING btree (user_id);


--
-- Name: django_session_expire_date_a5c62663; Type: INDEX; Schema: public; Owner: -
--

CREATE INDEX django_session_expire_date_a5c62663 ON public.django_session USING btree (expire_date);


--
-- Name: django_session_session_key_c0390e0f_like; Type: INDEX; Schema: public; Owner: -
--

CREATE INDEX django_session_session_key_c0390e0f_like ON public.django_session USING btree (session_key varchar_pattern_ops);


--
-- Name: granjas_birdbatch_farm_id_aa61db7e; Type: INDEX; Schema: public; Owner: -
--

CREATE INDEX granjas_birdbatch_farm_id_aa61db7e ON public.granjas_birdbatch USING btree (farm_id);


--
-- Name: granjas_birdbatchroomallocation_bird_batch_id_ed576dda; Type: INDEX; Schema: public; Owner: -
--

CREATE INDEX granjas_birdbatchroomallocation_bird_batch_id_ed576dda ON public.granjas_birdbatchroomallocation USING btree (bird_batch_id);


--
-- Name: granjas_birdbatchroomallocation_room_id_14a3fb29; Type: INDEX; Schema: public; Owner: -
--

CREATE INDEX granjas_birdbatchroomallocation_room_id_14a3fb29 ON public.granjas_birdbatchroomallocation USING btree (room_id);


--
-- Name: granjas_chickenhouse_farm_id_6f7cd8be; Type: INDEX; Schema: public; Owner: -
--

CREATE INDEX granjas_chickenhouse_farm_id_6f7cd8be ON public.granjas_chickenhouse USING btree (farm_id);


--
-- Name: granjas_room_chicken_house_id_44059031; Type: INDEX; Schema: public; Owner: -
--

CREATE INDEX granjas_room_chicken_house_id_44059031 ON public.granjas_room USING btree (chicken_house_id);


--
-- Name: users_role_name_86bbd537_like; Type: INDEX; Schema: public; Owner: -
--

CREATE INDEX users_role_name_86bbd537_like ON public.users_role USING btree (name varchar_pattern_ops);


--
-- Name: users_rolepermission_role_id_d36df18a; Type: INDEX; Schema: public; Owner: -
--

CREATE INDEX users_rolepermission_role_id_d36df18a ON public.users_rolepermission USING btree (role_id);


--
-- Name: users_userprofile_cedula_f942474e_like; Type: INDEX; Schema: public; Owner: -
--

CREATE INDEX users_userprofile_cedula_f942474e_like ON public.users_userprofile USING btree (cedula varchar_pattern_ops);


--
-- Name: users_userprofile_groups_group_id_3de53dbf; Type: INDEX; Schema: public; Owner: -
--

CREATE INDEX users_userprofile_groups_group_id_3de53dbf ON public.users_userprofile_groups USING btree (group_id);


--
-- Name: users_userprofile_groups_userprofile_id_a4496a80; Type: INDEX; Schema: public; Owner: -
--

CREATE INDEX users_userprofile_groups_userprofile_id_a4496a80 ON public.users_userprofile_groups USING btree (userprofile_id);


--
-- Name: users_userprofile_preferred_farm_id_e2fbe122; Type: INDEX; Schema: public; Owner: -
--

CREATE INDEX users_userprofile_preferred_farm_id_e2fbe122 ON public.users_userprofile USING btree (preferred_farm_id);


--
-- Name: users_userprofile_roles_role_id_740e5521; Type: INDEX; Schema: public; Owner: -
--

CREATE INDEX users_userprofile_roles_role_id_740e5521 ON public.users_userprofile_roles USING btree (role_id);


--
-- Name: users_userprofile_roles_userprofile_id_ae49de2a; Type: INDEX; Schema: public; Owner: -
--

CREATE INDEX users_userprofile_roles_userprofile_id_ae49de2a ON public.users_userprofile_roles USING btree (userprofile_id);


--
-- Name: users_userprofile_telefono_877dafc3_like; Type: INDEX; Schema: public; Owner: -
--

CREATE INDEX users_userprofile_telefono_877dafc3_like ON public.users_userprofile USING btree (telefono varchar_pattern_ops);


--
-- Name: users_userprofile_user_permissions_permission_id_393136b6; Type: INDEX; Schema: public; Owner: -
--

CREATE INDEX users_userprofile_user_permissions_permission_id_393136b6 ON public.users_userprofile_user_permissions USING btree (permission_id);


--
-- Name: users_userprofile_user_permissions_userprofile_id_34544737; Type: INDEX; Schema: public; Owner: -
--

CREATE INDEX users_userprofile_user_permissions_userprofile_id_34544737 ON public.users_userprofile_user_permissions USING btree (userprofile_id);


--
-- Name: auth_group_permissions auth_group_permissio_permission_id_84c5c92e_fk_auth_perm; Type: FK CONSTRAINT; Schema: public; Owner: -
--

ALTER TABLE ONLY public.auth_group_permissions
    ADD CONSTRAINT auth_group_permissio_permission_id_84c5c92e_fk_auth_perm FOREIGN KEY (permission_id) REFERENCES public.auth_permission(id) DEFERRABLE INITIALLY DEFERRED;


--
-- Name: auth_group_permissions auth_group_permissions_group_id_b120cbf9_fk_auth_group_id; Type: FK CONSTRAINT; Schema: public; Owner: -
--

ALTER TABLE ONLY public.auth_group_permissions
    ADD CONSTRAINT auth_group_permissions_group_id_b120cbf9_fk_auth_group_id FOREIGN KEY (group_id) REFERENCES public.auth_group(id) DEFERRABLE INITIALLY DEFERRED;


--
-- Name: auth_permission auth_permission_content_type_id_2f476e4b_fk_django_co; Type: FK CONSTRAINT; Schema: public; Owner: -
--

ALTER TABLE ONLY public.auth_permission
    ADD CONSTRAINT auth_permission_content_type_id_2f476e4b_fk_django_co FOREIGN KEY (content_type_id) REFERENCES public.django_content_type(id) DEFERRABLE INITIALLY DEFERRED;


--
-- Name: calendario_assignmentchangelog calendario_assignmen_assignment_id_d88d968d_fk_calendari; Type: FK CONSTRAINT; Schema: public; Owner: -
--

ALTER TABLE ONLY public.calendario_assignmentchangelog
    ADD CONSTRAINT calendario_assignmen_assignment_id_d88d968d_fk_calendari FOREIGN KEY (assignment_id) REFERENCES public.calendario_shiftassignment(id) DEFERRABLE INITIALLY DEFERRED;


--
-- Name: calendario_assignmentchangelog calendario_assignmen_changed_by_id_da82cd2a_fk_users_use; Type: FK CONSTRAINT; Schema: public; Owner: -
--

ALTER TABLE ONLY public.calendario_assignmentchangelog
    ADD CONSTRAINT calendario_assignmen_changed_by_id_da82cd2a_fk_users_use FOREIGN KEY (changed_by_id) REFERENCES public.users_userprofile(id) DEFERRABLE INITIALLY DEFERRED;


--
-- Name: calendario_assignmentchangelog calendario_assignmen_new_operator_id_09a8b9f9_fk_users_use; Type: FK CONSTRAINT; Schema: public; Owner: -
--

ALTER TABLE ONLY public.calendario_assignmentchangelog
    ADD CONSTRAINT calendario_assignmen_new_operator_id_09a8b9f9_fk_users_use FOREIGN KEY (new_operator_id) REFERENCES public.users_userprofile(id) DEFERRABLE INITIALLY DEFERRED;


--
-- Name: calendario_assignmentchangelog calendario_assignmen_previous_operator_id_8ab93f91_fk_users_use; Type: FK CONSTRAINT; Schema: public; Owner: -
--

ALTER TABLE ONLY public.calendario_assignmentchangelog
    ADD CONSTRAINT calendario_assignmen_previous_operator_id_8ab93f91_fk_users_use FOREIGN KEY (previous_operator_id) REFERENCES public.users_userprofile(id) DEFERRABLE INITIALLY DEFERRED;


--
-- Name: calendario_operatorcapability calendario_operatorc_category_id_a3670eac_fk_calendari; Type: FK CONSTRAINT; Schema: public; Owner: -
--

ALTER TABLE ONLY public.calendario_operatorcapability
    ADD CONSTRAINT calendario_operatorc_category_id_a3670eac_fk_calendari FOREIGN KEY (category_id) REFERENCES public.calendario_positioncategory(id) DEFERRABLE INITIALLY DEFERRED;


--
-- Name: calendario_operatorcapability calendario_operatorc_operator_id_9c45a408_fk_users_use; Type: FK CONSTRAINT; Schema: public; Owner: -
--

ALTER TABLE ONLY public.calendario_operatorcapability
    ADD CONSTRAINT calendario_operatorc_operator_id_9c45a408_fk_users_use FOREIGN KEY (operator_id) REFERENCES public.users_userprofile(id) DEFERRABLE INITIALLY DEFERRED;


--
-- Name: calendario_operatorrestperiod calendario_operatorr_calendar_id_ceeafbc3_fk_calendari; Type: FK CONSTRAINT; Schema: public; Owner: -
--

ALTER TABLE ONLY public.calendario_operatorrestperiod
    ADD CONSTRAINT calendario_operatorr_calendar_id_ceeafbc3_fk_calendari FOREIGN KEY (calendar_id) REFERENCES public.calendario_shiftcalendar(id) DEFERRABLE INITIALLY DEFERRED;


--
-- Name: calendario_operatorrestperiod calendario_operatorr_created_by_id_ef751f7c_fk_users_use; Type: FK CONSTRAINT; Schema: public; Owner: -
--

ALTER TABLE ONLY public.calendario_operatorrestperiod
    ADD CONSTRAINT calendario_operatorr_created_by_id_ef751f7c_fk_users_use FOREIGN KEY (created_by_id) REFERENCES public.users_userprofile(id) DEFERRABLE INITIALLY DEFERRED;


--
-- Name: calendario_operatorrestperiod calendario_operatorr_operator_id_f3204a7b_fk_users_use; Type: FK CONSTRAINT; Schema: public; Owner: -
--

ALTER TABLE ONLY public.calendario_operatorrestperiod
    ADD CONSTRAINT calendario_operatorr_operator_id_f3204a7b_fk_users_use FOREIGN KEY (operator_id) REFERENCES public.users_userprofile(id) DEFERRABLE INITIALLY DEFERRED;


--
-- Name: calendario_positiondefinition calendario_positiond_category_id_315aeb60_fk_calendari; Type: FK CONSTRAINT; Schema: public; Owner: -
--

ALTER TABLE ONLY public.calendario_positiondefinition
    ADD CONSTRAINT calendario_positiond_category_id_315aeb60_fk_calendari FOREIGN KEY (category_id) REFERENCES public.calendario_positioncategory(id) DEFERRABLE INITIALLY DEFERRED;


--
-- Name: calendario_positiondefinition calendario_positiond_chicken_house_id_ed3814ed_fk_granjas_c; Type: FK CONSTRAINT; Schema: public; Owner: -
--

ALTER TABLE ONLY public.calendario_positiondefinition
    ADD CONSTRAINT calendario_positiond_chicken_house_id_ed3814ed_fk_granjas_c FOREIGN KEY (chicken_house_id) REFERENCES public.granjas_chickenhouse(id) DEFERRABLE INITIALLY DEFERRED;


--
-- Name: calendario_positiondefinition calendario_positiond_farm_id_61a1657e_fk_granjas_f; Type: FK CONSTRAINT; Schema: public; Owner: -
--

ALTER TABLE ONLY public.calendario_positiondefinition
    ADD CONSTRAINT calendario_positiond_farm_id_61a1657e_fk_granjas_f FOREIGN KEY (farm_id) REFERENCES public.granjas_farm(id) DEFERRABLE INITIALLY DEFERRED;


--
-- Name: calendario_positiondefinition_rooms calendario_positiond_positiondefinition_i_6b4cf5da_fk_calendari; Type: FK CONSTRAINT; Schema: public; Owner: -
--

ALTER TABLE ONLY public.calendario_positiondefinition_rooms
    ADD CONSTRAINT calendario_positiond_positiondefinition_i_6b4cf5da_fk_calendari FOREIGN KEY (positiondefinition_id) REFERENCES public.calendario_positiondefinition(id) DEFERRABLE INITIALLY DEFERRED;


--
-- Name: calendario_positiondefinition_rooms calendario_positiond_room_id_05372e9a_fk_granjas_r; Type: FK CONSTRAINT; Schema: public; Owner: -
--

ALTER TABLE ONLY public.calendario_positiondefinition_rooms
    ADD CONSTRAINT calendario_positiond_room_id_05372e9a_fk_granjas_r FOREIGN KEY (room_id) REFERENCES public.granjas_room(id) DEFERRABLE INITIALLY DEFERRED;


--
-- Name: calendario_shiftassignment calendario_shiftassi_calendar_id_89a248c8_fk_calendari; Type: FK CONSTRAINT; Schema: public; Owner: -
--

ALTER TABLE ONLY public.calendario_shiftassignment
    ADD CONSTRAINT calendario_shiftassi_calendar_id_89a248c8_fk_calendari FOREIGN KEY (calendar_id) REFERENCES public.calendario_shiftcalendar(id) DEFERRABLE INITIALLY DEFERRED;


--
-- Name: calendario_shiftassignment calendario_shiftassi_operator_id_81ab25f5_fk_users_use; Type: FK CONSTRAINT; Schema: public; Owner: -
--

ALTER TABLE ONLY public.calendario_shiftassignment
    ADD CONSTRAINT calendario_shiftassi_operator_id_81ab25f5_fk_users_use FOREIGN KEY (operator_id) REFERENCES public.users_userprofile(id) DEFERRABLE INITIALLY DEFERRED;


--
-- Name: calendario_shiftassignment calendario_shiftassi_position_id_7389561c_fk_calendari; Type: FK CONSTRAINT; Schema: public; Owner: -
--

ALTER TABLE ONLY public.calendario_shiftassignment
    ADD CONSTRAINT calendario_shiftassi_position_id_7389561c_fk_calendari FOREIGN KEY (position_id) REFERENCES public.calendario_positiondefinition(id) DEFERRABLE INITIALLY DEFERRED;


--
-- Name: calendario_shiftcalendar calendario_shiftcale_approved_by_id_8fef7dc9_fk_users_use; Type: FK CONSTRAINT; Schema: public; Owner: -
--

ALTER TABLE ONLY public.calendario_shiftcalendar
    ADD CONSTRAINT calendario_shiftcale_approved_by_id_8fef7dc9_fk_users_use FOREIGN KEY (approved_by_id) REFERENCES public.users_userprofile(id) DEFERRABLE INITIALLY DEFERRED;


--
-- Name: calendario_shiftcalendar calendario_shiftcale_base_calendar_id_2ca0a941_fk_calendari; Type: FK CONSTRAINT; Schema: public; Owner: -
--

ALTER TABLE ONLY public.calendario_shiftcalendar
    ADD CONSTRAINT calendario_shiftcale_base_calendar_id_2ca0a941_fk_calendari FOREIGN KEY (base_calendar_id) REFERENCES public.calendario_shiftcalendar(id) DEFERRABLE INITIALLY DEFERRED;


--
-- Name: calendario_shiftcalendar calendario_shiftcale_created_by_id_e8933da5_fk_users_use; Type: FK CONSTRAINT; Schema: public; Owner: -
--

ALTER TABLE ONLY public.calendario_shiftcalendar
    ADD CONSTRAINT calendario_shiftcale_created_by_id_e8933da5_fk_users_use FOREIGN KEY (created_by_id) REFERENCES public.users_userprofile(id) DEFERRABLE INITIALLY DEFERRED;


--
-- Name: calendario_workloadsnapshot calendario_workloads_calendar_id_33a12f96_fk_calendari; Type: FK CONSTRAINT; Schema: public; Owner: -
--

ALTER TABLE ONLY public.calendario_workloadsnapshot
    ADD CONSTRAINT calendario_workloads_calendar_id_33a12f96_fk_calendari FOREIGN KEY (calendar_id) REFERENCES public.calendario_shiftcalendar(id) DEFERRABLE INITIALLY DEFERRED;


--
-- Name: calendario_workloadsnapshot calendario_workloads_operator_id_cf13108d_fk_users_use; Type: FK CONSTRAINT; Schema: public; Owner: -
--

ALTER TABLE ONLY public.calendario_workloadsnapshot
    ADD CONSTRAINT calendario_workloads_operator_id_cf13108d_fk_users_use FOREIGN KEY (operator_id) REFERENCES public.users_userprofile(id) DEFERRABLE INITIALLY DEFERRED;


--
-- Name: django_admin_log django_admin_log_content_type_id_c4bce8eb_fk_django_co; Type: FK CONSTRAINT; Schema: public; Owner: -
--

ALTER TABLE ONLY public.django_admin_log
    ADD CONSTRAINT django_admin_log_content_type_id_c4bce8eb_fk_django_co FOREIGN KEY (content_type_id) REFERENCES public.django_content_type(id) DEFERRABLE INITIALLY DEFERRED;


--
-- Name: django_admin_log django_admin_log_user_id_c564eba6_fk_users_userprofile_id; Type: FK CONSTRAINT; Schema: public; Owner: -
--

ALTER TABLE ONLY public.django_admin_log
    ADD CONSTRAINT django_admin_log_user_id_c564eba6_fk_users_userprofile_id FOREIGN KEY (user_id) REFERENCES public.users_userprofile(id) DEFERRABLE INITIALLY DEFERRED;


--
-- Name: granjas_birdbatch granjas_birdbatch_farm_id_aa61db7e_fk_granjas_farm_id; Type: FK CONSTRAINT; Schema: public; Owner: -
--

ALTER TABLE ONLY public.granjas_birdbatch
    ADD CONSTRAINT granjas_birdbatch_farm_id_aa61db7e_fk_granjas_farm_id FOREIGN KEY (farm_id) REFERENCES public.granjas_farm(id) DEFERRABLE INITIALLY DEFERRED;


--
-- Name: granjas_birdbatchroomallocation granjas_birdbatchroo_bird_batch_id_ed576dda_fk_granjas_b; Type: FK CONSTRAINT; Schema: public; Owner: -
--

ALTER TABLE ONLY public.granjas_birdbatchroomallocation
    ADD CONSTRAINT granjas_birdbatchroo_bird_batch_id_ed576dda_fk_granjas_b FOREIGN KEY (bird_batch_id) REFERENCES public.granjas_birdbatch(id) DEFERRABLE INITIALLY DEFERRED;


--
-- Name: granjas_birdbatchroomallocation granjas_birdbatchroo_room_id_14a3fb29_fk_granjas_r; Type: FK CONSTRAINT; Schema: public; Owner: -
--

ALTER TABLE ONLY public.granjas_birdbatchroomallocation
    ADD CONSTRAINT granjas_birdbatchroo_room_id_14a3fb29_fk_granjas_r FOREIGN KEY (room_id) REFERENCES public.granjas_room(id) DEFERRABLE INITIALLY DEFERRED;


--
-- Name: granjas_chickenhouse granjas_chickenhouse_farm_id_6f7cd8be_fk_granjas_farm_id; Type: FK CONSTRAINT; Schema: public; Owner: -
--

ALTER TABLE ONLY public.granjas_chickenhouse
    ADD CONSTRAINT granjas_chickenhouse_farm_id_6f7cd8be_fk_granjas_farm_id FOREIGN KEY (farm_id) REFERENCES public.granjas_farm(id) DEFERRABLE INITIALLY DEFERRED;


--
-- Name: granjas_room granjas_room_chicken_house_id_44059031_fk_granjas_c; Type: FK CONSTRAINT; Schema: public; Owner: -
--

ALTER TABLE ONLY public.granjas_room
    ADD CONSTRAINT granjas_room_chicken_house_id_44059031_fk_granjas_c FOREIGN KEY (chicken_house_id) REFERENCES public.granjas_chickenhouse(id) DEFERRABLE INITIALLY DEFERRED;


--
-- Name: users_rolepermission users_rolepermission_role_id_d36df18a_fk_users_role_id; Type: FK CONSTRAINT; Schema: public; Owner: -
--

ALTER TABLE ONLY public.users_rolepermission
    ADD CONSTRAINT users_rolepermission_role_id_d36df18a_fk_users_role_id FOREIGN KEY (role_id) REFERENCES public.users_role(id) DEFERRABLE INITIALLY DEFERRED;


--
-- Name: users_userprofile_groups users_userprofile_gr_userprofile_id_a4496a80_fk_users_use; Type: FK CONSTRAINT; Schema: public; Owner: -
--

ALTER TABLE ONLY public.users_userprofile_groups
    ADD CONSTRAINT users_userprofile_gr_userprofile_id_a4496a80_fk_users_use FOREIGN KEY (userprofile_id) REFERENCES public.users_userprofile(id) DEFERRABLE INITIALLY DEFERRED;


--
-- Name: users_userprofile_groups users_userprofile_groups_group_id_3de53dbf_fk_auth_group_id; Type: FK CONSTRAINT; Schema: public; Owner: -
--

ALTER TABLE ONLY public.users_userprofile_groups
    ADD CONSTRAINT users_userprofile_groups_group_id_3de53dbf_fk_auth_group_id FOREIGN KEY (group_id) REFERENCES public.auth_group(id) DEFERRABLE INITIALLY DEFERRED;


--
-- Name: users_userprofile users_userprofile_preferred_farm_id_e2fbe122_fk_granjas_farm_id; Type: FK CONSTRAINT; Schema: public; Owner: -
--

ALTER TABLE ONLY public.users_userprofile
    ADD CONSTRAINT users_userprofile_preferred_farm_id_e2fbe122_fk_granjas_farm_id FOREIGN KEY (preferred_farm_id) REFERENCES public.granjas_farm(id) DEFERRABLE INITIALLY DEFERRED;


--
-- Name: users_userprofile_roles users_userprofile_ro_userprofile_id_ae49de2a_fk_users_use; Type: FK CONSTRAINT; Schema: public; Owner: -
--

ALTER TABLE ONLY public.users_userprofile_roles
    ADD CONSTRAINT users_userprofile_ro_userprofile_id_ae49de2a_fk_users_use FOREIGN KEY (userprofile_id) REFERENCES public.users_userprofile(id) DEFERRABLE INITIALLY DEFERRED;


--
-- Name: users_userprofile_roles users_userprofile_roles_role_id_740e5521_fk_users_role_id; Type: FK CONSTRAINT; Schema: public; Owner: -
--

ALTER TABLE ONLY public.users_userprofile_roles
    ADD CONSTRAINT users_userprofile_roles_role_id_740e5521_fk_users_role_id FOREIGN KEY (role_id) REFERENCES public.users_role(id) DEFERRABLE INITIALLY DEFERRED;


--
-- Name: users_userprofile_user_permissions users_userprofile_us_permission_id_393136b6_fk_auth_perm; Type: FK CONSTRAINT; Schema: public; Owner: -
--

ALTER TABLE ONLY public.users_userprofile_user_permissions
    ADD CONSTRAINT users_userprofile_us_permission_id_393136b6_fk_auth_perm FOREIGN KEY (permission_id) REFERENCES public.auth_permission(id) DEFERRABLE INITIALLY DEFERRED;


--
-- Name: users_userprofile_user_permissions users_userprofile_us_userprofile_id_34544737_fk_users_use; Type: FK CONSTRAINT; Schema: public; Owner: -
--

ALTER TABLE ONLY public.users_userprofile_user_permissions
    ADD CONSTRAINT users_userprofile_us_userprofile_id_34544737_fk_users_use FOREIGN KEY (userprofile_id) REFERENCES public.users_userprofile(id) DEFERRABLE INITIALLY DEFERRED;


--
-- PostgreSQL database dump complete
--

\unrestrict BJeioxnBHWvV88KrtcZLEOfbJtJWn9qgfpAPfeVszaQu7MRWl1HgS5TUmWDyARG

